ensg_id,level_b
ENSG00000049769,nucleoplasm
ENSG00000156504,nucleoplasm
ENSG00000102096,cytosol
ENSG00000068394,nucleoplasm
ENSG00000133131,nucleoplasm
ENSG00000269335,cytosol
ENSG00000102241,nucleoplasm
ENSG00000198157,nucleoplasm
ENSG00000102057,nucleoplasm
ENSG00000239900,cytosol
ENSG00000062096,cytosol
ENSG00000169057,nucleoplasm
ENSG00000100439,nucleoplasm
ENSG00000090061,nucleoplasm
ENSG00000182901,nucleoplasm
ENSG00000087842,cytosol
ENSG00000100714,cytosol
ENSG00000015475,cytosol
ENSG00000204271,nucleoplasm
ENSG00000100092,cytosol
ENSG00000152767,cytosol
ENSG00000100600,cytosol
ENSG00000100395,nucleoplasm
ENSG00000185339,cytosol
ENSG00000106689,nucleoplasm
ENSG00000086712,cytosol
ENSG00000012963,nucleoplasm
ENSG00000100442,cytosol
ENSG00000066739,nucleoplasm
ENSG00000198908,cytosol
ENSG00000100591,cytosol
ENSG00000013523,nucleoplasm
ENSG00000131773,nucleoplasm
ENSG00000179454,cytosol
ENSG00000147133,nucleoplasm
ENSG00000198554,nucleoplasm
ENSG00000185246,nucleoplasm
ENSG00000145675,cytosol
ENSG00000100056,nucleoplasm
ENSG00000100985,cytosol
ENSG00000104365,cytosol
ENSG00000166165,cytosol
ENSG00000101557,cytosol
ENSG00000152492,cytosol
ENSG00000184302,nucleoplasm
ENSG00000133980,nucleoplasm
ENSG00000150787,cytosol
ENSG00000110944,cytosol
ENSG00000163536,cytosol
ENSG00000111057,cytosol
ENSG00000108947,nucleoplasm
ENSG00000086589,nucleoplasm
ENSG00000182752,cytosol
ENSG00000099326,nucleoplasm
ENSG00000125398,nucleoplasm
ENSG00000100784,nucleoplasm
ENSG00000100403,cytosol
ENSG00000090060,nucleoplasm
ENSG00000122386,nucleoplasm
ENSG00000151748,cytosol
ENSG00000143248,cytosol
ENSG00000185591,nucleoplasm
ENSG00000213928,cytosol
ENSG00000163932,cytosol
ENSG00000141968,cytosol
ENSG00000143322,nucleoplasm
ENSG00000104611,cytosol
ENSG00000102387,nucleoplasm
ENSG00000052850,nucleoplasm
ENSG00000179115,cytosol
ENSG00000110693,nucleoplasm
ENSG00000196498,nucleoplasm
ENSG00000136231,cytosol
ENSG00000133466,nucleoplasm
ENSG00000275410,nucleoplasm
ENSG00000165092,cytosol
ENSG00000117868,cytosol
ENSG00000140968,nucleoplasm
ENSG00000130300,cytosol
ENSG00000074695,cytosol
ENSG00000013364,cytosol
ENSG00000110619,cytosol
ENSG00000100796,nucleoplasm
ENSG00000197157,cytosol
ENSG00000020922,nucleoplasm
ENSG00000137265,nucleoplasm
ENSG00000068438,cytosol
ENSG00000198131,nucleoplasm
ENSG00000140545,cytosol
ENSG00000129682,cytosol
ENSG00000091164,cytosol
ENSG00000131969,nucleoplasm
ENSG00000044446,nucleoplasm
ENSG00000078596,nucleoplasm
ENSG00000136826,nucleoplasm
ENSG00000187097,cytosol
ENSG00000092067,nucleoplasm
ENSG00000100104,cytosol
ENSG00000165792,nucleoplasm
ENSG00000134759,cytosol
ENSG00000165617,nucleoplasm
ENSG00000181433,nucleoplasm
ENSG00000100387,nucleoplasm
ENSG00000184949,nucleoplasm
ENSG00000186976,nucleoplasm
ENSG00000156030,nucleoplasm
ENSG00000176473,nucleoplasm
ENSG00000164048,nucleoplasm
ENSG00000073969,cytosol
ENSG00000099917,nucleoplasm
ENSG00000184634,nucleoplasm
ENSG00000166226,cytosol
ENSG00000147130,nucleoplasm
ENSG00000120265,cytosol
ENSG00000151967,cytosol
ENSG00000196453,nucleoplasm
ENSG00000154727,nucleoplasm
ENSG00000113578,nucleoplasm
ENSG00000123240,cytosol
ENSG00000164458,nucleoplasm
ENSG00000156587,cytosol
ENSG00000164109,nucleoplasm
ENSG00000147010,cytosol
ENSG00000167182,nucleoplasm
ENSG00000151876,nucleoplasm
ENSG00000132879,nucleoplasm
ENSG00000125691,cytosol
ENSG00000126773,cytosol
ENSG00000116679,cytosol
ENSG00000119681,nucleoplasm
ENSG00000185630,nucleoplasm
ENSG00000065802,nucleoplasm
ENSG00000129675,cytosol
ENSG00000100897,nucleoplasm
ENSG00000071859,nucleoplasm
ENSG00000154473,nucleoplasm
ENSG00000169093,cytosol
ENSG00000089127,cytosol
ENSG00000166526,nucleoplasm
ENSG00000111880,nucleoplasm
ENSG00000185947,nucleoplasm
ENSG00000114861,nucleoplasm
ENSG00000005889,nucleoplasm
ENSG00000136717,cytosol
ENSG00000103275,cytosol
ENSG00000073584,nucleoplasm
ENSG00000105401,cytosol
ENSG00000172818,nucleoplasm
ENSG00000187690,nucleoplasm
ENSG00000275023,nucleoplasm
ENSG00000126746,nucleoplasm
ENSG00000145907,cytosol
ENSG00000169946,nucleoplasm
ENSG00000152977,nucleoplasm
ENSG00000000003,cytosol
ENSG00000165506,cytosol
ENSG00000102974,nucleoplasm
ENSG00000166986,cytosol
ENSG00000197013,nucleoplasm
ENSG00000166337,nucleoplasm
ENSG00000077092,nucleoplasm
ENSG00000149925,cytosol
ENSG00000115677,cytosol
ENSG00000106617,nucleoplasm
ENSG00000274211,cytosol
ENSG00000101076,nucleoplasm
ENSG00000138735,cytosol
ENSG00000132792,nucleoplasm
ENSG00000154553,cytosol
ENSG00000061273,cytosol
ENSG00000105127,nucleoplasm
ENSG00000117036,nucleoplasm
ENSG00000119280,cytosol
ENSG00000112319,nucleoplasm
ENSG00000185885,cytosol
ENSG00000075426,nucleoplasm
ENSG00000076003,nucleoplasm
ENSG00000111358,nucleoplasm
ENSG00000121022,nucleoplasm
ENSG00000100319,nucleoplasm
ENSG00000104738,nucleoplasm
ENSG00000105705,nucleoplasm
ENSG00000129315,nucleoplasm
ENSG00000126456,cytosol
ENSG00000138668,nucleoplasm
ENSG00000070669,cytosol
ENSG00000196428,cytosol
ENSG00000166523,cytosol
ENSG00000105397,cytosol
ENSG00000049239,cytosol
ENSG00000130294,cytosol
ENSG00000152942,nucleoplasm
ENSG00000117713,nucleoplasm
ENSG00000108799,nucleoplasm
ENSG00000111252,nucleoplasm
ENSG00000140105,cytosol
ENSG00000179348,nucleoplasm
ENSG00000185155,nucleoplasm
ENSG00000105880,nucleoplasm
ENSG00000132109,nucleoplasm
ENSG00000119383,nucleoplasm
ENSG00000075618,cytosol
ENSG00000127124,nucleoplasm
ENSG00000213930,cytosol
ENSG00000139410,cytosol
ENSG00000168078,cytosol
ENSG00000140987,nucleoplasm
ENSG00000164938,cytosol
ENSG00000118217,cytosol
ENSG00000014216,cytosol
ENSG00000154001,cytosol
ENSG00000143149,cytosol
ENSG00000157259,nucleoplasm
ENSG00000117479,cytosol
ENSG00000129946,cytosol
ENSG00000162613,nucleoplasm
ENSG00000149480,nucleoplasm
ENSG00000136146,nucleoplasm
ENSG00000135655,cytosol
ENSG00000159409,nucleoplasm
ENSG00000177463,nucleoplasm
ENSG00000165704,cytosol
ENSG00000112306,cytosol
ENSG00000101126,nucleoplasm
ENSG00000088038,cytosol
ENSG00000109854,cytosol
ENSG00000106992,cytosol
ENSG00000111229,nucleoplasm
ENSG00000079435,cytosol
ENSG00000143627,cytosol
ENSG00000196700,nucleoplasm
ENSG00000073050,nucleoplasm
ENSG00000005156,nucleoplasm
ENSG00000172613,nucleoplasm
ENSG00000166925,cytosol
ENSG00000167491,nucleoplasm
ENSG00000005073,nucleoplasm
ENSG00000110321,cytosol
ENSG00000175550,cytosol
ENSG00000152422,nucleoplasm
ENSG00000160685,nucleoplasm
ENSG00000134248,cytosol
ENSG00000164197,cytosol
ENSG00000103404,cytosol
ENSG00000176293,cytosol
ENSG00000111752,nucleoplasm
ENSG00000179981,nucleoplasm
ENSG00000138030,cytosol
ENSG00000170322,nucleoplasm
ENSG00000104415,cytosol
ENSG00000135486,nucleoplasm
ENSG00000002746,cytosol
ENSG00000120071,nucleoplasm
ENSG00000180616,cytosol
ENSG00000196812,nucleoplasm
ENSG00000172137,cytosol
ENSG00000181019,cytosol
ENSG00000121957,cytosol
ENSG00000145022,cytosol
ENSG00000196975,cytosol
ENSG00000080224,nucleoplasm
ENSG00000117480,cytosol
ENSG00000106537,nucleoplasm
ENSG00000102683,nucleoplasm
ENSG00000008441,nucleoplasm
ENSG00000112852,nucleoplasm
ENSG00000197956,cytosol
ENSG00000064393,nucleoplasm
ENSG00000085511,cytosol
ENSG00000148053,cytosol
ENSG00000151422,cytosol
ENSG00000165119,nucleoplasm
ENSG00000177453,cytosol
ENSG00000182378,cytosol
ENSG00000159164,cytosol
ENSG00000106541,cytosol
ENSG00000107738,nucleoplasm
ENSG00000120697,cytosol
ENSG00000122034,nucleoplasm
ENSG00000110237,cytosol
ENSG00000169504,cytosol
ENSG00000082512,cytosol
ENSG00000140382,nucleoplasm
ENSG00000184922,cytosol
ENSG00000164078,cytosol
ENSG00000172939,cytosol
ENSG00000170525,nucleoplasm
ENSG00000198912,nucleoplasm
ENSG00000198963,nucleoplasm
ENSG00000115828,cytosol
ENSG00000156970,cytosol
ENSG00000077150,cytosol
ENSG00000135624,cytosol
ENSG00000125779,cytosol
ENSG00000108953,cytosol
ENSG00000185909,cytosol
ENSG00000007038,cytosol
ENSG00000120708,cytosol
ENSG00000107882,nucleoplasm
ENSG00000074603,cytosol
ENSG00000013561,cytosol
ENSG00000132781,nucleoplasm
ENSG00000162551,cytosol
ENSG00000089280,nucleoplasm
ENSG00000185697,nucleoplasm
ENSG00000132680,nucleoplasm
ENSG00000177225,nucleoplasm
ENSG00000121297,nucleoplasm
ENSG00000081721,nucleoplasm
ENSG00000173193,cytosol
ENSG00000088812,cytosol
ENSG00000101049,nucleoplasm
ENSG00000182325,nucleoplasm
ENSG00000157456,cytosol
ENSG00000186834,nucleoplasm
ENSG00000104369,nucleoplasm
ENSG00000213762,nucleoplasm
ENSG00000105376,nucleoplasm
ENSG00000084764,cytosol
ENSG00000163728,nucleoplasm
ENSG00000126351,cytosol
ENSG00000143355,nucleoplasm
ENSG00000127191,cytosol
ENSG00000120063,cytosol
ENSG00000138160,cytosol
ENSG00000104081,nucleoplasm
ENSG00000146242,nucleoplasm
ENSG00000179593,cytosol
ENSG00000105229,nucleoplasm
ENSG00000081051,cytosol
ENSG00000139200,nucleoplasm
ENSG00000171659,nucleoplasm
ENSG00000085871,nucleoplasm
ENSG00000151694,cytosol
ENSG00000080854,cytosol
ENSG00000139263,cytosol
ENSG00000113657,cytosol
ENSG00000148175,cytosol
ENSG00000157168,nucleoplasm
ENSG00000166682,nucleoplasm
ENSG00000184602,cytosol
ENSG00000175928,cytosol
ENSG00000175793,cytosol
ENSG00000153086,cytosol
ENSG00000166913,cytosol
ENSG00000116031,cytosol
ENSG00000105928,cytosol
ENSG00000074416,nucleoplasm
ENSG00000115289,nucleoplasm
ENSG00000096401,nucleoplasm
ENSG00000176601,cytosol
ENSG00000146555,cytosol
ENSG00000157881,cytosol
ENSG00000196591,nucleoplasm
ENSG00000102699,cytosol
ENSG00000103148,cytosol
ENSG00000166833,nucleoplasm
ENSG00000108797,nucleoplasm
ENSG00000128829,cytosol
ENSG00000144567,cytosol
ENSG00000144749,cytosol
ENSG00000170248,cytosol
ENSG00000118804,cytosol
ENSG00000103326,nucleoplasm
ENSG00000111642,nucleoplasm
ENSG00000153879,nucleoplasm
ENSG00000106034,nucleoplasm
ENSG00000088543,cytosol
ENSG00000186001,cytosol
ENSG00000105366,cytosol
ENSG00000003137,cytosol
ENSG00000085978,cytosol
ENSG00000136114,cytosol
ENSG00000164161,nucleoplasm
ENSG00000140983,cytosol
ENSG00000106268,cytosol
ENSG00000162191,nucleoplasm
ENSG00000099625,nucleoplasm
ENSG00000166432,nucleoplasm
ENSG00000135914,nucleoplasm
ENSG00000198842,nucleoplasm
ENSG00000152766,nucleoplasm
ENSG00000151025,cytosol
ENSG00000124171,cytosol
ENSG00000116741,cytosol
ENSG00000118363,nucleoplasm
ENSG00000138772,cytosol
ENSG00000197646,cytosol
ENSG00000134882,cytosol
ENSG00000118985,nucleoplasm
ENSG00000123146,cytosol
ENSG00000181016,cytosol
ENSG00000186106,cytosol
ENSG00000089505,nucleoplasm
ENSG00000145332,nucleoplasm
ENSG00000140931,nucleoplasm
ENSG00000143126,cytosol
ENSG00000076053,nucleoplasm
ENSG00000130584,nucleoplasm
ENSG00000163803,cytosol
ENSG00000099785,cytosol
ENSG00000108370,nucleoplasm
ENSG00000057704,cytosol
ENSG00000198018,nucleoplasm
ENSG00000166881,nucleoplasm
ENSG00000111432,nucleoplasm
ENSG00000172572,cytosol
ENSG00000176834,cytosol
ENSG00000114859,cytosol
ENSG00000166398,nucleoplasm
ENSG00000173540,nucleoplasm
ENSG00000157800,cytosol
ENSG00000058799,nucleoplasm
ENSG00000069188,nucleoplasm
ENSG00000148123,nucleoplasm
ENSG00000177311,nucleoplasm
ENSG00000114850,cytosol
ENSG00000132481,cytosol
ENSG00000142186,cytosol
ENSG00000138071,cytosol
ENSG00000143105,nucleoplasm
ENSG00000136731,cytosol
ENSG00000185158,cytosol
ENSG00000136636,cytosol
ENSG00000137275,cytosol
ENSG00000102935,nucleoplasm
ENSG00000104312,cytosol
ENSG00000160325,nucleoplasm
ENSG00000071794,nucleoplasm
ENSG00000165244,nucleoplasm
ENSG00000183943,nucleoplasm
ENSG00000066422,nucleoplasm
ENSG00000164463,nucleoplasm
ENSG00000086991,nucleoplasm
ENSG00000124177,nucleoplasm
ENSG00000165238,cytosol
ENSG00000076944,cytosol
ENSG00000126653,nucleoplasm
ENSG00000138193,cytosol
ENSG00000124299,nucleoplasm
ENSG00000097033,cytosol
ENSG00000171155,cytosol
ENSG00000134198,nucleoplasm
ENSG00000164841,cytosol
ENSG00000114904,nucleoplasm
ENSG00000109685,nucleoplasm
ENSG00000015171,nucleoplasm
ENSG00000065526,nucleoplasm
ENSG00000137075,nucleoplasm
ENSG00000152137,cytosol
ENSG00000171045,nucleoplasm
ENSG00000196277,cytosol
ENSG00000198586,nucleoplasm
ENSG00000143570,cytosol
ENSG00000138075,nucleoplasm
ENSG00000276045,cytosol
ENSG00000105983,cytosol
ENSG00000182362,nucleoplasm
ENSG00000183864,cytosol
ENSG00000056097,nucleoplasm
ENSG00000094916,nucleoplasm
ENSG00000168763,cytosol
ENSG00000165512,nucleoplasm
ENSG00000163104,nucleoplasm
ENSG00000166974,nucleoplasm
ENSG00000158079,nucleoplasm
ENSG00000179134,cytosol
ENSG00000184307,nucleoplasm
ENSG00000160633,nucleoplasm
ENSG00000162391,nucleoplasm
ENSG00000134030,cytosol
ENSG00000160255,cytosol
ENSG00000114670,nucleoplasm
ENSG00000031698,cytosol
ENSG00000172977,nucleoplasm
ENSG00000174136,nucleoplasm
ENSG00000101189,nucleoplasm
ENSG00000143614,nucleoplasm
ENSG00000163946,nucleoplasm
ENSG00000091436,cytosol
ENSG00000120948,nucleoplasm
ENSG00000138385,nucleoplasm
ENSG00000185436,cytosol
ENSG00000003756,nucleoplasm
ENSG00000133106,cytosol
ENSG00000159267,cytosol
ENSG00000110931,cytosol
ENSG00000204574,cytosol
ENSG00000135317,cytosol
ENSG00000147459,cytosol
ENSG00000141161,cytosol
ENSG00000106105,cytosol
ENSG00000060491,nucleoplasm
ENSG00000142867,nucleoplasm
ENSG00000158019,cytosol
ENSG00000107968,cytosol
ENSG00000138760,cytosol
ENSG00000142166,cytosol
ENSG00000176018,cytosol
ENSG00000105929,cytosol
ENSG00000143028,nucleoplasm
ENSG00000197136,cytosol
ENSG00000151239,cytosol
ENSG00000135387,cytosol
ENSG00000174669,nucleoplasm
ENSG00000105173,nucleoplasm
ENSG00000130766,cytosol
ENSG00000151414,nucleoplasm
ENSG00000070761,nucleoplasm
ENSG00000183128,nucleoplasm
ENSG00000169118,cytosol
ENSG00000133878,nucleoplasm
ENSG00000198105,nucleoplasm
ENSG00000114416,cytosol
ENSG00000185104,nucleoplasm
ENSG00000204842,cytosol
ENSG00000138757,cytosol
ENSG00000156304,nucleoplasm
ENSG00000164022,cytosol
ENSG00000113761,nucleoplasm
ENSG00000170345,nucleoplasm
ENSG00000136518,nucleoplasm
ENSG00000100288,cytosol
ENSG00000089154,cytosol
ENSG00000062598,cytosol
ENSG00000187792,cytosol
ENSG00000168522,cytosol
ENSG00000128342,cytosol
ENSG00000168066,nucleoplasm
ENSG00000166681,cytosol
ENSG00000160408,nucleoplasm
ENSG00000159692,nucleoplasm
ENSG00000111716,cytosol
ENSG00000106400,nucleoplasm
ENSG00000108091,cytosol
ENSG00000138698,cytosol
ENSG00000008226,cytosol
ENSG00000042493,nucleoplasm
ENSG00000106305,cytosol
ENSG00000142156,cytosol
ENSG00000171223,nucleoplasm
ENSG00000118260,nucleoplasm
ENSG00000177565,nucleoplasm
ENSG00000127399,nucleoplasm
ENSG00000177409,cytosol
ENSG00000049246,cytosol
ENSG00000006744,nucleoplasm
ENSG00000005007,nucleoplasm
ENSG00000198160,nucleoplasm
ENSG00000128578,cytosol
ENSG00000204178,cytosol
ENSG00000164985,nucleoplasm
ENSG00000106605,cytosol
ENSG00000171174,cytosol
ENSG00000048828,cytosol
ENSG00000157741,nucleoplasm
ENSG00000100106,cytosol
ENSG00000170776,cytosol
ENSG00000162775,nucleoplasm
ENSG00000161048,cytosol
ENSG00000158941,nucleoplasm
ENSG00000112208,nucleoplasm
ENSG00000184924,nucleoplasm
ENSG00000170946,cytosol
ENSG00000108654,nucleoplasm
ENSG00000164754,nucleoplasm
ENSG00000166016,nucleoplasm
ENSG00000184545,cytosol
ENSG00000178295,nucleoplasm
ENSG00000204947,nucleoplasm
ENSG00000128607,nucleoplasm
ENSG00000106608,cytosol
ENSG00000091128,cytosol
ENSG00000188986,nucleoplasm
ENSG00000158525,nucleoplasm
ENSG00000111266,nucleoplasm
ENSG00000138375,nucleoplasm
ENSG00000148153,nucleoplasm
ENSG00000146858,cytosol
ENSG00000101349,nucleoplasm
ENSG00000155636,nucleoplasm
ENSG00000061676,cytosol
ENSG00000115866,cytosol
ENSG00000197776,cytosol
ENSG00000222011,cytosol
ENSG00000107371,nucleoplasm
ENSG00000205085,nucleoplasm
ENSG00000134996,cytosol
ENSG00000142864,cytosol
ENSG00000127080,cytosol
ENSG00000135248,cytosol
ENSG00000126453,cytosol
ENSG00000139154,nucleoplasm
ENSG00000159915,nucleoplasm
ENSG00000108786,cytosol
ENSG00000166147,cytosol
ENSG00000115687,cytosol
ENSG00000151612,nucleoplasm
ENSG00000106993,cytosol
ENSG00000167112,cytosol
ENSG00000139613,nucleoplasm
ENSG00000240230,cytosol
ENSG00000157653,cytosol
ENSG00000109118,nucleoplasm
ENSG00000278259,cytosol
ENSG00000141279,cytosol
ENSG00000133195,nucleoplasm
ENSG00000028310,nucleoplasm
ENSG00000141985,cytosol
ENSG00000184792,cytosol
ENSG00000173875,nucleoplasm
ENSG00000205189,nucleoplasm
ENSG00000176994,nucleoplasm
ENSG00000181222,nucleoplasm
ENSG00000166716,nucleoplasm
ENSG00000136813,nucleoplasm
ENSG00000159259,nucleoplasm
ENSG00000137073,cytosol
ENSG00000184863,nucleoplasm
ENSG00000127993,nucleoplasm
ENSG00000139726,cytosol
ENSG00000108559,nucleoplasm
ENSG00000148356,cytosol
ENSG00000141543,nucleoplasm
ENSG00000141294,cytosol
ENSG00000167011,nucleoplasm
ENSG00000116791,cytosol
ENSG00000157680,nucleoplasm
ENSG00000083454,cytosol
ENSG00000109089,cytosol
ENSG00000006282,nucleoplasm
ENSG00000124813,nucleoplasm
ENSG00000135766,cytosol
ENSG00000115966,nucleoplasm
ENSG00000108381,cytosol
ENSG00000115252,nucleoplasm
ENSG00000131711,cytosol
ENSG00000148143,nucleoplasm
ENSG00000129167,cytosol
ENSG00000121104,nucleoplasm
ENSG00000138867,nucleoplasm
ENSG00000188895,nucleoplasm
ENSG00000125877,cytosol
ENSG00000184619,nucleoplasm
ENSG00000108387,nucleoplasm
ENSG00000167183,cytosol
ENSG00000018189,cytosol
ENSG00000129245,cytosol
ENSG00000167716,nucleoplasm
ENSG00000198795,nucleoplasm
ENSG00000173894,nucleoplasm
ENSG00000120915,cytosol
ENSG00000147677,cytosol
ENSG00000104722,cytosol
ENSG00000170921,cytosol
ENSG00000170291,cytosol
ENSG00000171953,cytosol
ENSG00000188522,cytosol
ENSG00000180329,cytosol
ENSG00000135686,cytosol
ENSG00000186017,nucleoplasm
ENSG00000167377,cytosol
ENSG00000275066,cytosol
ENSG00000175029,cytosol
ENSG00000164134,cytosol
ENSG00000130222,nucleoplasm
ENSG00000125458,cytosol
ENSG00000020129,cytosol
ENSG00000163348,nucleoplasm
ENSG00000146670,nucleoplasm
ENSG00000104450,cytosol
ENSG00000133704,nucleoplasm
ENSG00000005700,nucleoplasm
ENSG00000140743,nucleoplasm
ENSG00000133138,cytosol
ENSG00000177125,nucleoplasm
ENSG00000171408,nucleoplasm
ENSG00000179477,cytosol
ENSG00000172466,nucleoplasm
ENSG00000119125,nucleoplasm
ENSG00000180347,nucleoplasm
ENSG00000091127,nucleoplasm
ENSG00000155313,cytosol
ENSG00000163666,nucleoplasm
ENSG00000105875,nucleoplasm
ENSG00000164684,nucleoplasm
ENSG00000158106,nucleoplasm
ENSG00000001460,nucleoplasm
ENSG00000121413,nucleoplasm
ENSG00000099783,nucleoplasm
ENSG00000173473,nucleoplasm
ENSG00000196284,nucleoplasm
ENSG00000136982,nucleoplasm
ENSG00000162909,cytosol
ENSG00000180921,cytosol
ENSG00000136193,cytosol
ENSG00000108094,nucleoplasm
ENSG00000058085,cytosol
ENSG00000188523,cytosol
ENSG00000104728,nucleoplasm
ENSG00000171431,cytosol
ENSG00000168481,cytosol
ENSG00000167447,nucleoplasm
ENSG00000164983,nucleoplasm
ENSG00000075151,cytosol
ENSG00000265817,nucleoplasm
ENSG00000037637,nucleoplasm
ENSG00000010072,nucleoplasm
ENSG00000118508,cytosol
ENSG00000118482,nucleoplasm
ENSG00000160957,nucleoplasm
ENSG00000043143,nucleoplasm
ENSG00000167766,nucleoplasm
ENSG00000198300,nucleoplasm
ENSG00000125944,nucleoplasm
ENSG00000094631,nucleoplasm
ENSG00000126067,nucleoplasm
ENSG00000136383,nucleoplasm
ENSG00000111665,cytosol
ENSG00000119772,nucleoplasm
ENSG00000102445,cytosol
ENSG00000147854,nucleoplasm
ENSG00000263001,nucleoplasm
ENSG00000183888,nucleoplasm
ENSG00000106628,nucleoplasm
ENSG00000171103,cytosol
ENSG00000188732,cytosol
ENSG00000117691,nucleoplasm
ENSG00000136011,cytosol
ENSG00000169193,nucleoplasm
ENSG00000120820,cytosol
ENSG00000164096,cytosol
ENSG00000159596,nucleoplasm
ENSG00000105141,cytosol
ENSG00000142512,cytosol
ENSG00000120278,nucleoplasm
ENSG00000120539,nucleoplasm
ENSG00000117148,cytosol
ENSG00000090273,cytosol
ENSG00000116285,cytosol
ENSG00000173681,nucleoplasm
ENSG00000090621,cytosol
ENSG00000156345,nucleoplasm
ENSG00000006611,cytosol
ENSG00000130772,nucleoplasm
ENSG00000116903,cytosol
ENSG00000198208,nucleoplasm
ENSG00000163482,cytosol
ENSG00000124713,cytosol
ENSG00000186141,nucleoplasm
ENSG00000169224,cytosol
ENSG00000114026,nucleoplasm
ENSG00000136451,nucleoplasm
ENSG00000077044,cytosol
ENSG00000109705,nucleoplasm
ENSG00000187147,nucleoplasm
ENSG00000129048,cytosol
ENSG00000110092,nucleoplasm
ENSG00000197852,nucleoplasm
ENSG00000168264,nucleoplasm
ENSG00000066654,cytosol
ENSG00000083097,nucleoplasm
ENSG00000110395,cytosol
ENSG00000137996,nucleoplasm
ENSG00000171060,nucleoplasm
ENSG00000082701,nucleoplasm
ENSG00000163155,nucleoplasm
ENSG00000004660,cytosol
ENSG00000004897,nucleoplasm
ENSG00000132780,nucleoplasm
ENSG00000143740,cytosol
ENSG00000158716,nucleoplasm
ENSG00000122180,nucleoplasm
ENSG00000162607,nucleoplasm
ENSG00000157330,cytosol
ENSG00000168874,nucleoplasm
ENSG00000143363,cytosol
ENSG00000163431,cytosol
ENSG00000132881,nucleoplasm
ENSG00000160741,nucleoplasm
ENSG00000127129,cytosol
ENSG00000142856,nucleoplasm
ENSG00000160753,cytosol
ENSG00000105204,nucleoplasm
ENSG00000142920,cytosol
ENSG00000188786,nucleoplasm
ENSG00000243710,cytosol
ENSG00000143256,cytosol
ENSG00000007923,cytosol
ENSG00000100068,nucleoplasm
ENSG00000173281,cytosol
ENSG00000204084,cytosol
ENSG00000150893,cytosol
ENSG00000112200,nucleoplasm
ENSG00000198040,nucleoplasm
ENSG00000182247,nucleoplasm
ENSG00000129562,cytosol
ENSG00000100410,nucleoplasm
ENSG00000103241,nucleoplasm
ENSG00000137474,cytosol
ENSG00000048052,nucleoplasm
ENSG00000273841,nucleoplasm
ENSG00000085999,nucleoplasm
ENSG00000150977,cytosol
ENSG00000042286,cytosol
ENSG00000167384,nucleoplasm
ENSG00000119866,nucleoplasm
ENSG00000010030,nucleoplasm
ENSG00000112029,nucleoplasm
ENSG00000177853,nucleoplasm
ENSG00000185189,cytosol
ENSG00000178338,nucleoplasm
ENSG00000171634,nucleoplasm
ENSG00000130988,nucleoplasm
ENSG00000198862,cytosol
ENSG00000105997,nucleoplasm
ENSG00000131100,nucleoplasm
ENSG00000163904,cytosol
ENSG00000196235,nucleoplasm
ENSG00000123505,nucleoplasm
ENSG00000267041,nucleoplasm
ENSG00000075234,cytosol
ENSG00000023608,nucleoplasm
ENSG00000144028,nucleoplasm
ENSG00000130818,nucleoplasm
ENSG00000165219,cytosol
ENSG00000156802,nucleoplasm
ENSG00000115661,cytosol
ENSG00000198556,nucleoplasm
ENSG00000067225,cytosol
ENSG00000146733,cytosol
ENSG00000119042,nucleoplasm
ENSG00000176092,nucleoplasm
ENSG00000008018,nucleoplasm
ENSG00000272031,cytosol
ENSG00000187997,cytosol
ENSG00000100321,cytosol
ENSG00000164494,cytosol
ENSG00000116478,nucleoplasm
ENSG00000107485,nucleoplasm
ENSG00000198796,cytosol
ENSG00000196305,cytosol
ENSG00000120738,nucleoplasm
ENSG00000136628,cytosol
ENSG00000125618,nucleoplasm
ENSG00000156265,nucleoplasm
ENSG00000131236,cytosol
ENSG00000143450,nucleoplasm
ENSG00000137218,nucleoplasm
ENSG00000189410,cytosol
ENSG00000183814,nucleoplasm
ENSG00000069956,cytosol
ENSG00000061455,nucleoplasm
ENSG00000146281,nucleoplasm
ENSG00000103197,cytosol
ENSG00000108039,cytosol
ENSG00000048140,nucleoplasm
ENSG00000111875,nucleoplasm
ENSG00000112308,cytosol
ENSG00000120784,cytosol
ENSG00000103316,cytosol
ENSG00000147180,nucleoplasm
ENSG00000158796,nucleoplasm
ENSG00000177602,nucleoplasm
ENSG00000138658,cytosol
ENSG00000198046,nucleoplasm
ENSG00000134057,cytosol
ENSG00000133997,nucleoplasm
ENSG00000158169,nucleoplasm
ENSG00000213585,cytosol
ENSG00000167281,nucleoplasm
ENSG00000142675,cytosol
ENSG00000186051,cytosol
ENSG00000249481,nucleoplasm
ENSG00000157617,nucleoplasm
ENSG00000035115,nucleoplasm
ENSG00000004700,nucleoplasm
ENSG00000107175,cytosol
ENSG00000084693,cytosol
ENSG00000171453,nucleoplasm
ENSG00000251192,nucleoplasm
ENSG00000166484,nucleoplasm
ENSG00000112511,nucleoplasm
ENSG00000198932,cytosol
ENSG00000149100,cytosol
ENSG00000100994,cytosol
ENSG00000096060,nucleoplasm
ENSG00000221955,nucleoplasm
ENSG00000111877,nucleoplasm
ENSG00000124749,cytosol
ENSG00000178163,nucleoplasm
ENSG00000241127,cytosol
ENSG00000165097,nucleoplasm
ENSG00000186020,nucleoplasm
ENSG00000197128,cytosol
ENSG00000184887,nucleoplasm
ENSG00000124772,cytosol
ENSG00000085377,cytosol
ENSG00000243943,nucleoplasm
ENSG00000025156,nucleoplasm
ENSG00000141570,nucleoplasm
ENSG00000154734,cytosol
ENSG00000137269,cytosol
ENSG00000111676,nucleoplasm
ENSG00000155363,cytosol
ENSG00000134086,nucleoplasm
ENSG00000100918,nucleoplasm
ENSG00000137413,nucleoplasm
ENSG00000124535,nucleoplasm
ENSG00000100625,nucleoplasm
ENSG00000111653,nucleoplasm
ENSG00000115514,cytosol
ENSG00000183431,nucleoplasm
ENSG00000162755,nucleoplasm
ENSG00000160285,cytosol
ENSG00000170430,nucleoplasm
ENSG00000139826,cytosol
ENSG00000198728,nucleoplasm
ENSG00000141086,nucleoplasm
ENSG00000168209,cytosol
ENSG00000198075,cytosol
ENSG00000005302,nucleoplasm
ENSG00000153779,nucleoplasm
ENSG00000119778,nucleoplasm
ENSG00000138316,cytosol
ENSG00000171004,nucleoplasm
ENSG00000185838,cytosol
ENSG00000169621,nucleoplasm
ENSG00000143970,nucleoplasm
ENSG00000144524,nucleoplasm
ENSG00000153157,nucleoplasm
ENSG00000115841,cytosol
ENSG00000088247,nucleoplasm
ENSG00000198520,cytosol
ENSG00000168883,nucleoplasm
ENSG00000115128,nucleoplasm
ENSG00000060138,cytosol
ENSG00000159256,nucleoplasm
ENSG00000125122,nucleoplasm
ENSG00000163029,nucleoplasm
ENSG00000124659,cytosol
ENSG00000065308,cytosol
ENSG00000213139,cytosol
ENSG00000145819,cytosol
ENSG00000177138,nucleoplasm
ENSG00000073792,cytosol
ENSG00000144840,nucleoplasm
ENSG00000163806,nucleoplasm
ENSG00000253729,nucleoplasm
ENSG00000077713,nucleoplasm
ENSG00000115970,cytosol
ENSG00000135100,nucleoplasm
ENSG00000121988,nucleoplasm
ENSG00000170634,nucleoplasm
ENSG00000189195,nucleoplasm
ENSG00000243667,nucleoplasm
ENSG00000119865,cytosol
ENSG00000100023,nucleoplasm
ENSG00000138231,nucleoplasm
ENSG00000198909,nucleoplasm
ENSG00000123600,cytosol
ENSG00000161217,nucleoplasm
ENSG00000143891,nucleoplasm
ENSG00000168016,nucleoplasm
ENSG00000144591,nucleoplasm
ENSG00000115241,nucleoplasm
ENSG00000163320,nucleoplasm
ENSG00000168137,nucleoplasm
ENSG00000147255,cytosol
ENSG00000213079,nucleoplasm
ENSG00000105258,nucleoplasm
ENSG00000072832,cytosol
ENSG00000144596,cytosol
ENSG00000124787,nucleoplasm
ENSG00000139651,nucleoplasm
ENSG00000172824,cytosol
ENSG00000144034,cytosol
ENSG00000111897,cytosol
ENSG00000119574,cytosol
ENSG00000251664,cytosol
ENSG00000099284,nucleoplasm
ENSG00000118579,nucleoplasm
ENSG00000156463,nucleoplasm
ENSG00000019102,nucleoplasm
ENSG00000130449,cytosol
ENSG00000130997,nucleoplasm
ENSG00000112855,cytosol
ENSG00000108590,nucleoplasm
ENSG00000214022,nucleoplasm
ENSG00000164039,cytosol
ENSG00000167106,cytosol
ENSG00000142002,cytosol
ENSG00000162642,nucleoplasm
ENSG00000126767,nucleoplasm
ENSG00000128656,cytosol
ENSG00000077279,cytosol
ENSG00000163530,nucleoplasm
ENSG00000163935,nucleoplasm
ENSG00000114491,cytosol
ENSG00000158773,nucleoplasm
ENSG00000134013,nucleoplasm
ENSG00000215440,nucleoplasm
ENSG00000145743,nucleoplasm
ENSG00000071127,cytosol
ENSG00000145375,cytosol
ENSG00000145337,nucleoplasm
ENSG00000174611,nucleoplasm
ENSG00000152413,cytosol
ENSG00000184178,nucleoplasm
ENSG00000170445,cytosol
ENSG00000120051,nucleoplasm
ENSG00000113312,cytosol
ENSG00000177733,nucleoplasm
ENSG00000164164,cytosol
ENSG00000259956,nucleoplasm
ENSG00000109814,nucleoplasm
ENSG00000124181,cytosol
ENSG00000121964,cytosol
ENSG00000154556,nucleoplasm
ENSG00000163623,nucleoplasm
ENSG00000197603,cytosol
ENSG00000115137,cytosol
ENSG00000154814,nucleoplasm
ENSG00000164163,cytosol
ENSG00000090316,nucleoplasm
ENSG00000170871,cytosol
ENSG00000112984,nucleoplasm
ENSG00000172053,cytosol
ENSG00000157152,nucleoplasm
ENSG00000151611,cytosol
ENSG00000038219,nucleoplasm
ENSG00000039123,nucleoplasm
ENSG00000184182,cytosol
ENSG00000145216,nucleoplasm
ENSG00000134453,nucleoplasm
ENSG00000184465,nucleoplasm
ENSG00000047315,nucleoplasm
ENSG00000203797,cytosol
ENSG00000088538,cytosol
ENSG00000163714,nucleoplasm
ENSG00000156990,nucleoplasm
ENSG00000054965,nucleoplasm
ENSG00000011405,nucleoplasm
ENSG00000086475,nucleoplasm
ENSG00000136560,cytosol
ENSG00000198218,nucleoplasm
ENSG00000189319,cytosol
ENSG00000165338,nucleoplasm
ENSG00000178996,cytosol
ENSG00000166295,cytosol
ENSG00000037474,nucleoplasm
ENSG00000148606,nucleoplasm
ENSG00000180644,cytosol
ENSG00000180834,cytosol
ENSG00000145388,nucleoplasm
ENSG00000143801,nucleoplasm
ENSG00000178597,cytosol
ENSG00000171813,nucleoplasm
ENSG00000084710,nucleoplasm
ENSG00000197748,nucleoplasm
ENSG00000204175,nucleoplasm
ENSG00000115368,nucleoplasm
ENSG00000091010,nucleoplasm
ENSG00000152133,nucleoplasm
ENSG00000096746,nucleoplasm
ENSG00000145692,cytosol
ENSG00000005175,cytosol
ENSG00000067248,cytosol
ENSG00000137656,nucleoplasm
ENSG00000197283,nucleoplasm
ENSG00000137720,nucleoplasm
ENSG00000203780,nucleoplasm
ENSG00000257727,cytosol
ENSG00000148840,nucleoplasm
ENSG00000172890,cytosol
ENSG00000149292,nucleoplasm
ENSG00000084110,cytosol
ENSG00000109911,nucleoplasm
ENSG00000154114,cytosol
ENSG00000136003,cytosol
ENSG00000139637,nucleoplasm
ENSG00000123352,cytosol
ENSG00000139719,nucleoplasm
ENSG00000139714,nucleoplasm
ENSG00000110057,nucleoplasm
ENSG00000172425,nucleoplasm
ENSG00000114767,nucleoplasm
ENSG00000044574,cytosol
ENSG00000174989,cytosol
ENSG00000099204,cytosol
ENSG00000136159,nucleoplasm
ENSG00000146083,nucleoplasm
ENSG00000166788,nucleoplasm
ENSG00000160695,cytosol
ENSG00000151948,cytosol
ENSG00000187778,nucleoplasm
ENSG00000146267,nucleoplasm
ENSG00000138641,cytosol
ENSG00000007047,cytosol
ENSG00000149782,nucleoplasm
ENSG00000100526,cytosol
ENSG00000149761,nucleoplasm
ENSG00000142102,cytosol
ENSG00000140463,cytosol
ENSG00000150764,cytosol
ENSG00000161800,nucleoplasm
ENSG00000133112,cytosol
ENSG00000108443,nucleoplasm
ENSG00000158077,cytosol
ENSG00000149972,cytosol
ENSG00000165714,cytosol
ENSG00000083642,nucleoplasm
ENSG00000173212,nucleoplasm
ENSG00000185480,nucleoplasm
ENSG00000156232,cytosol
ENSG00000174370,cytosol
ENSG00000086015,cytosol
ENSG00000167994,cytosol
ENSG00000176102,nucleoplasm
ENSG00000172766,cytosol
ENSG00000173465,cytosol
ENSG00000204130,nucleoplasm
ENSG00000170442,cytosol
ENSG00000087302,nucleoplasm
ENSG00000163605,nucleoplasm
ENSG00000138286,nucleoplasm
ENSG00000138593,nucleoplasm
ENSG00000150776,cytosol
ENSG00000137806,cytosol
ENSG00000005810,cytosol
ENSG00000125246,cytosol
ENSG00000167173,cytosol
ENSG00000001461,nucleoplasm
ENSG00000164506,cytosol
ENSG00000134440,cytosol
ENSG00000091490,nucleoplasm
ENSG00000128645,nucleoplasm
ENSG00000258289,cytosol
ENSG00000136104,nucleoplasm
ENSG00000204381,cytosol
ENSG00000103942,cytosol
ENSG00000136111,cytosol
ENSG00000047346,nucleoplasm
ENSG00000142303,cytosol
ENSG00000140263,cytosol
ENSG00000151503,nucleoplasm
ENSG00000198252,nucleoplasm
ENSG00000078237,cytosol
ENSG00000165899,cytosol
ENSG00000077274,cytosol
ENSG00000134330,nucleoplasm
ENSG00000152240,cytosol
ENSG00000021776,nucleoplasm
ENSG00000140400,nucleoplasm
ENSG00000179071,nucleoplasm
ENSG00000166321,nucleoplasm
ENSG00000151365,nucleoplasm
ENSG00000121380,cytosol
ENSG00000099769,nucleoplasm
ENSG00000166503,nucleoplasm
ENSG00000147166,cytosol
ENSG00000174013,cytosol
ENSG00000103067,nucleoplasm
ENSG00000166839,nucleoplasm
ENSG00000137770,nucleoplasm
ENSG00000122299,cytosol
ENSG00000103599,cytosol
ENSG00000033170,cytosol
ENSG00000242372,nucleoplasm
ENSG00000154845,nucleoplasm
ENSG00000104129,nucleoplasm
ENSG00000088682,cytosol
ENSG00000150667,nucleoplasm
ENSG00000111445,nucleoplasm
ENSG00000110172,cytosol
ENSG00000162390,cytosol
ENSG00000166946,nucleoplasm
ENSG00000103091,cytosol
ENSG00000119333,cytosol
ENSG00000125818,cytosol
ENSG00000130703,cytosol
ENSG00000140320,nucleoplasm
ENSG00000181938,nucleoplasm
ENSG00000121281,cytosol
ENSG00000139899,nucleoplasm
ENSG00000137841,cytosol
ENSG00000162104,cytosol
ENSG00000065427,cytosol
ENSG00000153406,nucleoplasm
ENSG00000162076,nucleoplasm
ENSG00000103876,cytosol
ENSG00000196655,cytosol
ENSG00000058600,nucleoplasm
ENSG00000105676,cytosol
ENSG00000126261,nucleoplasm
ENSG00000125743,cytosol
ENSG00000105398,cytosol
ENSG00000100505,cytosol
ENSG00000248712,cytosol
ENSG00000104866,cytosol
ENSG00000168488,cytosol
ENSG00000128050,cytosol
ENSG00000164808,nucleoplasm
ENSG00000087086,cytosol
ENSG00000113504,cytosol
ENSG00000111049,nucleoplasm
ENSG00000105254,cytosol
ENSG00000010361,cytosol
ENSG00000031003,nucleoplasm
ENSG00000160392,nucleoplasm
ENSG00000187068,cytosol
ENSG00000119698,cytosol
ENSG00000169612,nucleoplasm
ENSG00000142694,cytosol
ENSG00000183826,nucleoplasm
ENSG00000061938,cytosol
ENSG00000188997,cytosol
ENSG00000154059,nucleoplasm
ENSG00000142549,nucleoplasm
ENSG00000130811,cytosol
ENSG00000099331,cytosol
ENSG00000104852,nucleoplasm
ENSG00000132004,cytosol
ENSG00000213085,nucleoplasm
ENSG00000171148,nucleoplasm
ENSG00000145730,cytosol
ENSG00000101443,cytosol
ENSG00000157303,nucleoplasm
ENSG00000176076,cytosol
ENSG00000067221,cytosol
ENSG00000133027,cytosol
ENSG00000184677,nucleoplasm
ENSG00000139697,nucleoplasm
ENSG00000100162,cytosol
ENSG00000124562,nucleoplasm
ENSG00000186314,nucleoplasm
ENSG00000159714,cytosol
ENSG00000158286,cytosol
ENSG00000167264,cytosol
ENSG00000168710,cytosol
ENSG00000095787,nucleoplasm
ENSG00000215883,nucleoplasm
ENSG00000168061,cytosol
ENSG00000168476,cytosol
ENSG00000138767,cytosol
ENSG00000132677,nucleoplasm
ENSG00000148459,cytosol
ENSG00000105186,cytosol
ENSG00000198938,nucleoplasm
ENSG00000133398,nucleoplasm
ENSG00000187123,cytosol
ENSG00000240065,cytosol
ENSG00000087087,nucleoplasm
ENSG00000166106,cytosol
ENSG00000006634,nucleoplasm
ENSG00000135069,cytosol
ENSG00000103249,nucleoplasm
ENSG00000123427,nucleoplasm
ENSG00000090372,cytosol
ENSG00000105499,cytosol
ENSG00000144445,cytosol
ENSG00000168769,nucleoplasm
ENSG00000130711,nucleoplasm
ENSG00000116127,cytosol
ENSG00000108055,nucleoplasm
ENSG00000100380,cytosol
ENSG00000075702,cytosol
ENSG00000244462,nucleoplasm
ENSG00000184497,nucleoplasm
ENSG00000064545,cytosol
ENSG00000031823,nucleoplasm
ENSG00000160570,nucleoplasm
ENSG00000130377,cytosol
ENSG00000198736,nucleoplasm
ENSG00000142546,nucleoplasm
ENSG00000163818,cytosol
ENSG00000154781,nucleoplasm
ENSG00000100949,nucleoplasm
ENSG00000106013,nucleoplasm
ENSG00000122779,nucleoplasm
ENSG00000131037,cytosol
ENSG00000166704,nucleoplasm
ENSG00000204673,cytosol
ENSG00000179222,cytosol
ENSG00000167208,nucleoplasm
ENSG00000213865,nucleoplasm
ENSG00000145014,cytosol
ENSG00000138399,nucleoplasm
ENSG00000172663,cytosol
ENSG00000244752,nucleoplasm
ENSG00000147224,cytosol
ENSG00000152380,cytosol
ENSG00000162384,cytosol
ENSG00000236104,nucleoplasm
ENSG00000115875,nucleoplasm
ENSG00000137965,nucleoplasm
ENSG00000072310,cytosol
ENSG00000165915,cytosol
ENSG00000105063,cytosol
ENSG00000205937,nucleoplasm
ENSG00000180611,cytosol
ENSG00000171724,cytosol
ENSG00000118997,cytosol
ENSG00000148584,nucleoplasm
ENSG00000134318,cytosol
ENSG00000156860,nucleoplasm
ENSG00000176386,nucleoplasm
ENSG00000134480,nucleoplasm
ENSG00000088726,cytosol
ENSG00000198003,nucleoplasm
ENSG00000090861,cytosol
ENSG00000173120,nucleoplasm
ENSG00000117410,cytosol
ENSG00000105865,cytosol
ENSG00000168090,nucleoplasm
ENSG00000165802,nucleoplasm
ENSG00000127324,nucleoplasm
ENSG00000131791,nucleoplasm
ENSG00000141034,cytosol
ENSG00000108406,nucleoplasm
ENSG00000183309,nucleoplasm
ENSG00000127995,nucleoplasm
ENSG00000198740,nucleoplasm
ENSG00000131470,nucleoplasm
ENSG00000197483,nucleoplasm
ENSG00000116984,cytosol
ENSG00000169548,nucleoplasm
ENSG00000104518,nucleoplasm
ENSG00000010165,cytosol
ENSG00000113300,cytosol
ENSG00000138670,nucleoplasm
ENSG00000136720,nucleoplasm
ENSG00000149187,nucleoplasm
ENSG00000066336,nucleoplasm
ENSG00000101444,cytosol
ENSG00000196482,nucleoplasm
ENSG00000040275,cytosol
ENSG00000122203,nucleoplasm
ENSG00000132964,nucleoplasm
ENSG00000109572,cytosol
ENSG00000233276,cytosol
ENSG00000105750,nucleoplasm
ENSG00000213398,nucleoplasm
ENSG00000184979,cytosol
ENSG00000189369,cytosol
ENSG00000002919,cytosol
ENSG00000077264,cytosol
ENSG00000203872,nucleoplasm
ENSG00000162419,nucleoplasm
ENSG00000114503,nucleoplasm
ENSG00000123992,cytosol
ENSG00000144559,cytosol
ENSG00000198113,nucleoplasm
ENSG00000184517,nucleoplasm
ENSG00000183624,nucleoplasm
ENSG00000181135,nucleoplasm
ENSG00000204540,nucleoplasm
ENSG00000071242,nucleoplasm
ENSG00000125885,nucleoplasm
ENSG00000085274,nucleoplasm
ENSG00000143799,nucleoplasm
ENSG00000167986,nucleoplasm
ENSG00000137807,nucleoplasm
ENSG00000122870,nucleoplasm
ENSG00000160584,nucleoplasm
ENSG00000174032,nucleoplasm
ENSG00000148362,nucleoplasm
ENSG00000187325,nucleoplasm
ENSG00000215114,nucleoplasm
ENSG00000204439,cytosol
ENSG00000100426,nucleoplasm
ENSG00000070404,nucleoplasm
ENSG00000168010,nucleoplasm
ENSG00000221886,nucleoplasm
ENSG00000155275,nucleoplasm
ENSG00000176396,nucleoplasm
ENSG00000130045,cytosol
ENSG00000225663,cytosol
ENSG00000242852,nucleoplasm
ENSG00000159917,nucleoplasm
ENSG00000130165,cytosol
ENSG00000136051,nucleoplasm
ENSG00000138621,cytosol
ENSG00000165556,nucleoplasm
ENSG00000183386,nucleoplasm
ENSG00000181449,nucleoplasm
ENSG00000222047,nucleoplasm
ENSG00000116337,cytosol
ENSG00000164758,nucleoplasm
ENSG00000162437,nucleoplasm
ENSG00000132768,nucleoplasm
ENSG00000143353,cytosol
ENSG00000143494,cytosol
ENSG00000188580,cytosol
ENSG00000185272,nucleoplasm
ENSG00000163872,nucleoplasm
ENSG00000049768,nucleoplasm
ENSG00000162604,nucleoplasm
ENSG00000163161,nucleoplasm
ENSG00000119862,nucleoplasm
ENSG00000083814,nucleoplasm
ENSG00000035928,nucleoplasm
ENSG00000048649,nucleoplasm
ENSG00000138780,nucleoplasm
ENSG00000138092,nucleoplasm
ENSG00000137880,nucleoplasm
ENSG00000103254,cytosol
ENSG00000186628,cytosol
ENSG00000103111,cytosol
ENSG00000105323,nucleoplasm
ENSG00000164142,cytosol
ENSG00000149346,cytosol
ENSG00000178951,nucleoplasm
ENSG00000132383,nucleoplasm
ENSG00000174306,nucleoplasm
ENSG00000095015,cytosol
ENSG00000176406,cytosol
ENSG00000060237,cytosol
ENSG00000154721,cytosol
ENSG00000146425,nucleoplasm
ENSG00000125726,nucleoplasm
ENSG00000168438,nucleoplasm
ENSG00000163655,cytosol
ENSG00000165355,nucleoplasm
ENSG00000110768,nucleoplasm
ENSG00000119616,nucleoplasm
ENSG00000197451,nucleoplasm
ENSG00000204052,cytosol
ENSG00000105419,nucleoplasm
ENSG00000204394,cytosol
ENSG00000101746,nucleoplasm
ENSG00000147206,nucleoplasm
ENSG00000099810,cytosol
ENSG00000182749,cytosol
ENSG00000140488,cytosol
ENSG00000121989,cytosol
ENSG00000218336,nucleoplasm
ENSG00000140598,cytosol
ENSG00000168060,cytosol
ENSG00000233927,cytosol
ENSG00000152253,cytosol
ENSG00000196363,nucleoplasm
ENSG00000165259,cytosol
ENSG00000107201,cytosol
ENSG00000104872,cytosol
ENSG00000119599,nucleoplasm
ENSG00000134686,nucleoplasm
ENSG00000184232,nucleoplasm
ENSG00000169902,cytosol
ENSG00000117569,nucleoplasm
ENSG00000137968,cytosol
ENSG00000101194,nucleoplasm
ENSG00000116560,nucleoplasm
ENSG00000196419,nucleoplasm
ENSG00000134153,nucleoplasm
ENSG00000167797,nucleoplasm
ENSG00000102543,nucleoplasm
ENSG00000204869,cytosol
ENSG00000012504,nucleoplasm
ENSG00000162981,nucleoplasm
ENSG00000101166,nucleoplasm
ENSG00000111424,nucleoplasm
ENSG00000145916,nucleoplasm
ENSG00000179195,nucleoplasm
ENSG00000162367,nucleoplasm
ENSG00000100105,nucleoplasm
ENSG00000125676,nucleoplasm
ENSG00000156925,nucleoplasm
ENSG00000153250,cytosol
ENSG00000179941,nucleoplasm
ENSG00000072954,nucleoplasm
ENSG00000144395,nucleoplasm
ENSG00000150403,cytosol
ENSG00000075035,nucleoplasm
ENSG00000130227,nucleoplasm
ENSG00000152932,cytosol
ENSG00000170892,nucleoplasm
ENSG00000153774,nucleoplasm
ENSG00000168411,nucleoplasm
ENSG00000226742,nucleoplasm
ENSG00000225697,cytosol
ENSG00000119314,nucleoplasm
ENSG00000100296,nucleoplasm
ENSG00000160445,cytosol
ENSG00000174579,cytosol
ENSG00000115325,cytosol
ENSG00000131043,cytosol
ENSG00000274349,nucleoplasm
ENSG00000205581,nucleoplasm
ENSG00000143321,nucleoplasm
ENSG00000185515,nucleoplasm
ENSG00000092098,cytosol
ENSG00000146676,nucleoplasm
ENSG00000166578,nucleoplasm
ENSG00000117151,cytosol
ENSG00000198625,nucleoplasm
ENSG00000142634,cytosol
ENSG00000105520,nucleoplasm
ENSG00000089050,nucleoplasm
ENSG00000121864,nucleoplasm
ENSG00000078747,nucleoplasm
ENSG00000163918,nucleoplasm
ENSG00000118971,nucleoplasm
ENSG00000005001,nucleoplasm
ENSG00000163083,nucleoplasm
ENSG00000143942,cytosol
ENSG00000089902,nucleoplasm
ENSG00000106538,cytosol
ENSG00000276043,nucleoplasm
ENSG00000130158,cytosol
ENSG00000167470,nucleoplasm
ENSG00000104897,nucleoplasm
ENSG00000140534,nucleoplasm
ENSG00000161847,nucleoplasm
ENSG00000157911,nucleoplasm
ENSG00000131148,cytosol
ENSG00000170604,nucleoplasm
ENSG00000104964,nucleoplasm
ENSG00000111361,cytosol
ENSG00000109787,nucleoplasm
ENSG00000108506,nucleoplasm
ENSG00000112561,nucleoplasm
ENSG00000213123,cytosol
ENSG00000100036,cytosol
ENSG00000171680,nucleoplasm
ENSG00000116514,cytosol
ENSG00000125107,cytosol
ENSG00000070061,cytosol
ENSG00000075790,cytosol
ENSG00000092201,nucleoplasm
ENSG00000112592,nucleoplasm
ENSG00000170260,nucleoplasm
ENSG00000108523,cytosol
ENSG00000103035,nucleoplasm
ENSG00000079102,nucleoplasm
ENSG00000184986,cytosol
ENSG00000124214,cytosol
ENSG00000124191,nucleoplasm
ENSG00000196345,cytosol
ENSG00000106976,nucleoplasm
ENSG00000143067,nucleoplasm
ENSG00000155542,nucleoplasm
ENSG00000106635,nucleoplasm
ENSG00000105088,nucleoplasm
ENSG00000112559,nucleoplasm
ENSG00000123836,nucleoplasm
ENSG00000119509,cytosol
ENSG00000106366,cytosol
ENSG00000164093,nucleoplasm
ENSG00000175170,nucleoplasm
ENSG00000102081,cytosol
ENSG00000185753,cytosol
ENSG00000134897,nucleoplasm
ENSG00000144908,cytosol
ENSG00000151338,cytosol
ENSG00000065268,nucleoplasm
ENSG00000110711,cytosol
ENSG00000179361,nucleoplasm
ENSG00000134899,nucleoplasm
ENSG00000114315,nucleoplasm
ENSG00000111783,nucleoplasm
ENSG00000155846,nucleoplasm
ENSG00000011426,nucleoplasm
ENSG00000151893,nucleoplasm
ENSG00000181355,nucleoplasm
ENSG00000106144,nucleoplasm
ENSG00000164603,cytosol
ENSG00000158636,nucleoplasm
ENSG00000001167,nucleoplasm
ENSG00000183114,cytosol
ENSG00000119669,nucleoplasm
ENSG00000062725,cytosol
ENSG00000204120,cytosol
ENSG00000113648,nucleoplasm
ENSG00000130717,nucleoplasm
ENSG00000104131,cytosol
ENSG00000171443,nucleoplasm
ENSG00000188004,nucleoplasm
ENSG00000135945,cytosol
ENSG00000092199,nucleoplasm
ENSG00000128923,nucleoplasm
ENSG00000160999,cytosol
ENSG00000102879,cytosol
ENSG00000138823,cytosol
ENSG00000101003,nucleoplasm
ENSG00000136842,cytosol
ENSG00000162702,nucleoplasm
ENSG00000141510,nucleoplasm
ENSG00000086827,cytosol
ENSG00000221874,nucleoplasm
ENSG00000121774,nucleoplasm
ENSG00000162511,cytosol
ENSG00000167065,nucleoplasm
ENSG00000143257,nucleoplasm
ENSG00000134072,cytosol
ENSG00000204560,nucleoplasm
ENSG00000177683,nucleoplasm
ENSG00000111247,nucleoplasm
ENSG00000166507,cytosol
ENSG00000075336,nucleoplasm
ENSG00000115526,cytosol
ENSG00000143643,nucleoplasm
ENSG00000110427,nucleoplasm
ENSG00000122490,nucleoplasm
ENSG00000155827,nucleoplasm
ENSG00000143842,nucleoplasm
ENSG00000104960,nucleoplasm
ENSG00000042062,nucleoplasm
ENSG00000087495,nucleoplasm
ENSG00000173065,nucleoplasm
ENSG00000168802,nucleoplasm
ENSG00000159063,nucleoplasm
ENSG00000168348,nucleoplasm
ENSG00000127249,nucleoplasm
ENSG00000161654,cytosol
ENSG00000204351,nucleoplasm
ENSG00000188404,cytosol
ENSG00000126934,cytosol
ENSG00000112659,cytosol
ENSG00000156858,nucleoplasm
ENSG00000213859,nucleoplasm
ENSG00000167967,nucleoplasm
ENSG00000270647,nucleoplasm
ENSG00000256087,nucleoplasm
ENSG00000181396,nucleoplasm
ENSG00000092439,nucleoplasm
ENSG00000100888,nucleoplasm
ENSG00000136932,nucleoplasm
ENSG00000239887,nucleoplasm
ENSG00000113522,nucleoplasm
ENSG00000133247,nucleoplasm
ENSG00000154678,nucleoplasm
ENSG00000117724,nucleoplasm
ENSG00000040633,nucleoplasm
ENSG00000185946,nucleoplasm
ENSG00000088876,nucleoplasm
ENSG00000243449,cytosol
ENSG00000129911,nucleoplasm
ENSG00000160305,nucleoplasm
ENSG00000166188,nucleoplasm
ENSG00000196323,nucleoplasm
ENSG00000175215,nucleoplasm
ENSG00000099385,nucleoplasm
ENSG00000104824,nucleoplasm
ENSG00000205208,nucleoplasm
ENSG00000113389,cytosol
ENSG00000076242,nucleoplasm
ENSG00000083937,cytosol
ENSG00000198914,nucleoplasm
ENSG00000125686,nucleoplasm
ENSG00000196159,cytosol
ENSG00000219435,nucleoplasm
ENSG00000147883,nucleoplasm
ENSG00000166451,nucleoplasm
ENSG00000100297,nucleoplasm
ENSG00000100084,nucleoplasm
ENSG00000168002,nucleoplasm
ENSG00000164880,nucleoplasm
ENSG00000147687,nucleoplasm
ENSG00000183808,nucleoplasm
ENSG00000171316,nucleoplasm
ENSG00000167721,nucleoplasm
ENSG00000126821,nucleoplasm
ENSG00000213231,cytosol
ENSG00000139304,cytosol
ENSG00000137959,nucleoplasm
ENSG00000143333,cytosol
ENSG00000143198,nucleoplasm
ENSG00000163602,nucleoplasm
ENSG00000123933,cytosol
ENSG00000100767,nucleoplasm
ENSG00000183111,cytosol
ENSG00000163945,nucleoplasm
ENSG00000100731,nucleoplasm
ENSG00000176953,nucleoplasm
ENSG00000112425,nucleoplasm
ENSG00000187954,nucleoplasm
ENSG00000004487,nucleoplasm
ENSG00000078618,nucleoplasm
ENSG00000118690,nucleoplasm
ENSG00000118707,nucleoplasm
ENSG00000164855,nucleoplasm
ENSG00000188529,nucleoplasm
ENSG00000152104,nucleoplasm
ENSG00000218739,nucleoplasm
ENSG00000174738,nucleoplasm
ENSG00000172819,nucleoplasm
ENSG00000198353,nucleoplasm
ENSG00000159792,nucleoplasm
ENSG00000132485,nucleoplasm
ENSG00000164651,nucleoplasm
ENSG00000105011,nucleoplasm
ENSG00000196911,cytosol
ENSG00000183696,nucleoplasm
ENSG00000183508,nucleoplasm
ENSG00000185565,cytosol
ENSG00000213015,nucleoplasm
ENSG00000198492,cytosol
ENSG00000140398,nucleoplasm
ENSG00000147140,nucleoplasm
ENSG00000140332,nucleoplasm
ENSG00000205250,nucleoplasm
ENSG00000139880,nucleoplasm
ENSG00000204536,cytosol
ENSG00000136371,cytosol
ENSG00000136319,nucleoplasm
ENSG00000133302,nucleoplasm
ENSG00000103549,nucleoplasm
ENSG00000143319,nucleoplasm
ENSG00000135778,cytosol
ENSG00000129673,cytosol
ENSG00000159208,nucleoplasm
ENSG00000169976,nucleoplasm
ENSG00000128951,nucleoplasm
ENSG00000145779,nucleoplasm
ENSG00000140030,cytosol
ENSG00000164329,cytosol
ENSG00000100983,nucleoplasm
ENSG00000167641,nucleoplasm
ENSG00000184005,nucleoplasm
ENSG00000186448,nucleoplasm
ENSG00000178982,cytosol
ENSG00000132016,nucleoplasm
ENSG00000164362,nucleoplasm
ENSG00000160961,nucleoplasm
ENSG00000214941,cytosol
ENSG00000089775,nucleoplasm
ENSG00000134595,nucleoplasm
ENSG00000176658,cytosol
ENSG00000148948,cytosol
ENSG00000077312,nucleoplasm
ENSG00000168453,nucleoplasm
ENSG00000187742,nucleoplasm
ENSG00000187815,nucleoplasm
ENSG00000080839,nucleoplasm
ENSG00000109794,nucleoplasm
ENSG00000231500,cytosol
ENSG00000066136,nucleoplasm
ENSG00000063761,nucleoplasm
ENSG00000198182,nucleoplasm
ENSG00000177732,nucleoplasm
ENSG00000123268,nucleoplasm
ENSG00000024862,cytosol
ENSG00000106038,nucleoplasm
ENSG00000160991,nucleoplasm
ENSG00000187790,nucleoplasm
ENSG00000128713,nucleoplasm
ENSG00000162222,nucleoplasm
ENSG00000101190,nucleoplasm
ENSG00000131089,cytosol
ENSG00000117505,nucleoplasm
ENSG00000197363,nucleoplasm
ENSG00000165156,nucleoplasm
ENSG00000185745,cytosol
ENSG00000160888,nucleoplasm
ENSG00000152454,nucleoplasm
ENSG00000101057,nucleoplasm
ENSG00000115548,nucleoplasm
ENSG00000006607,cytosol
ENSG00000154144,nucleoplasm
ENSG00000130024,nucleoplasm
ENSG00000184162,nucleoplasm
ENSG00000197496,cytosol
ENSG00000105248,nucleoplasm
ENSG00000096384,cytosol
ENSG00000139219,nucleoplasm
ENSG00000171161,nucleoplasm
ENSG00000163882,nucleoplasm
ENSG00000177303,nucleoplasm
ENSG00000186280,nucleoplasm
ENSG00000185404,nucleoplasm
ENSG00000184672,nucleoplasm
ENSG00000136997,nucleoplasm
ENSG00000023697,nucleoplasm
ENSG00000151136,nucleoplasm
ENSG00000240891,nucleoplasm
ENSG00000010818,nucleoplasm
ENSG00000063322,nucleoplasm
ENSG00000127528,nucleoplasm
ENSG00000125505,cytosol
ENSG00000185668,nucleoplasm
ENSG00000123095,nucleoplasm
ENSG00000103319,nucleoplasm
ENSG00000198142,cytosol
ENSG00000165804,nucleoplasm
ENSG00000141560,nucleoplasm
ENSG00000063169,nucleoplasm
ENSG00000167103,cytosol
ENSG00000184486,nucleoplasm
ENSG00000075188,nucleoplasm
ENSG00000183337,nucleoplasm
ENSG00000104969,nucleoplasm
ENSG00000145741,cytosol
ENSG00000139433,cytosol
ENSG00000067057,cytosol
ENSG00000174325,cytosol
ENSG00000173085,cytosol
ENSG00000189308,cytosol
ENSG00000269858,nucleoplasm
ENSG00000214753,nucleoplasm
ENSG00000136144,nucleoplasm
ENSG00000152795,nucleoplasm
ENSG00000224051,cytosol
ENSG00000197905,nucleoplasm
ENSG00000185085,nucleoplasm
ENSG00000160318,nucleoplasm
ENSG00000171848,cytosol
ENSG00000083093,nucleoplasm
ENSG00000239779,cytosol
ENSG00000147596,nucleoplasm
ENSG00000141485,nucleoplasm
ENSG00000136478,nucleoplasm
ENSG00000143603,nucleoplasm
ENSG00000143179,nucleoplasm
ENSG00000109065,nucleoplasm
ENSG00000167325,cytosol
ENSG00000084774,nucleoplasm
ENSG00000131153,nucleoplasm
ENSG00000164941,nucleoplasm
ENSG00000100554,nucleoplasm
ENSG00000132321,nucleoplasm
ENSG00000172465,nucleoplasm
ENSG00000170500,nucleoplasm
ENSG00000138606,nucleoplasm
ENSG00000101084,cytosol
ENSG00000016082,nucleoplasm
ENSG00000196865,nucleoplasm
ENSG00000189362,nucleoplasm
ENSG00000090097,cytosol
ENSG00000124795,nucleoplasm
ENSG00000139977,cytosol
ENSG00000100365,cytosol
ENSG00000145029,nucleoplasm
ENSG00000138050,nucleoplasm
ENSG00000164077,cytosol
ENSG00000162430,cytosol
ENSG00000138750,nucleoplasm
ENSG00000153404,nucleoplasm
ENSG00000184432,cytosol
ENSG00000118193,cytosol
ENSG00000114738,nucleoplasm
ENSG00000155545,nucleoplasm
ENSG00000172183,nucleoplasm
ENSG00000020256,nucleoplasm
ENSG00000175197,nucleoplasm
ENSG00000135899,nucleoplasm
ENSG00000105993,nucleoplasm
ENSG00000163069,cytosol
ENSG00000153187,nucleoplasm
ENSG00000111110,nucleoplasm
ENSG00000175352,cytosol
ENSG00000077514,nucleoplasm
ENSG00000213638,nucleoplasm
ENSG00000186951,nucleoplasm
ENSG00000178882,nucleoplasm
ENSG00000104472,nucleoplasm
ENSG00000164105,nucleoplasm
ENSG00000180964,nucleoplasm
ENSG00000170448,nucleoplasm
ENSG00000100626,nucleoplasm
ENSG00000139515,nucleoplasm
ENSG00000164626,nucleoplasm
ENSG00000070495,nucleoplasm
ENSG00000183011,nucleoplasm
ENSG00000183260,nucleoplasm
ENSG00000066027,cytosol
ENSG00000064655,cytosol
ENSG00000137941,cytosol
ENSG00000244754,nucleoplasm
ENSG00000140836,nucleoplasm
ENSG00000163939,nucleoplasm
ENSG00000169635,nucleoplasm
ENSG00000177606,nucleoplasm
ENSG00000103495,nucleoplasm
ENSG00000204599,cytosol
ENSG00000275004,nucleoplasm
ENSG00000070444,nucleoplasm
ENSG00000147118,nucleoplasm
ENSG00000156127,nucleoplasm
ENSG00000156136,nucleoplasm
ENSG00000179476,cytosol
ENSG00000103145,nucleoplasm
ENSG00000164465,cytosol
ENSG00000197050,nucleoplasm
ENSG00000179922,nucleoplasm
ENSG00000143228,nucleoplasm
ENSG00000213246,nucleoplasm
ENSG00000183208,cytosol
ENSG00000133256,cytosol
ENSG00000129993,nucleoplasm
ENSG00000108813,nucleoplasm
ENSG00000108604,nucleoplasm
ENSG00000205922,nucleoplasm
ENSG00000151881,nucleoplasm
ENSG00000158055,nucleoplasm
ENSG00000156500,nucleoplasm
ENSG00000123144,nucleoplasm
ENSG00000177943,nucleoplasm
ENSG00000204315,nucleoplasm
ENSG00000109339,nucleoplasm
ENSG00000104447,nucleoplasm
ENSG00000197872,nucleoplasm
ENSG00000186806,nucleoplasm
ENSG00000104859,nucleoplasm
ENSG00000074211,cytosol
ENSG00000143093,cytosol
ENSG00000134532,nucleoplasm
ENSG00000119684,nucleoplasm
ENSG00000172000,nucleoplasm
ENSG00000197579,nucleoplasm
ENSG00000168214,nucleoplasm
ENSG00000111602,nucleoplasm
ENSG00000144857,nucleoplasm
ENSG00000172201,nucleoplasm
ENSG00000170890,cytosol
ENSG00000198517,nucleoplasm
ENSG00000153561,nucleoplasm
ENSG00000068878,nucleoplasm
ENSG00000101098,nucleoplasm
ENSG00000132740,nucleoplasm
ENSG00000172992,nucleoplasm
ENSG00000161179,nucleoplasm
ENSG00000186073,nucleoplasm
ENSG00000198730,nucleoplasm
ENSG00000185453,nucleoplasm
ENSG00000063245,cytosol
ENSG00000172216,nucleoplasm
ENSG00000166452,nucleoplasm
ENSG00000204304,nucleoplasm
ENSG00000019144,nucleoplasm
ENSG00000139405,nucleoplasm
ENSG00000162231,nucleoplasm
ENSG00000162976,cytosol
ENSG00000161265,nucleoplasm
ENSG00000160803,nucleoplasm
ENSG00000166068,nucleoplasm
ENSG00000183255,nucleoplasm
ENSG00000163166,nucleoplasm
ENSG00000105618,nucleoplasm
ENSG00000185619,nucleoplasm
ENSG00000164932,nucleoplasm
ENSG00000120875,nucleoplasm
ENSG00000078399,nucleoplasm
ENSG00000173889,nucleoplasm
ENSG00000078687,nucleoplasm
ENSG00000178409,nucleoplasm
ENSG00000168672,nucleoplasm
ENSG00000169375,nucleoplasm
ENSG00000168564,nucleoplasm
ENSG00000177426,nucleoplasm
ENSG00000276293,nucleoplasm
ENSG00000161243,nucleoplasm
ENSG00000115297,nucleoplasm
ENSG00000198933,nucleoplasm
ENSG00000105357,nucleoplasm
ENSG00000161542,cytosol
ENSG00000138443,nucleoplasm
ENSG00000140470,nucleoplasm
ENSG00000196381,nucleoplasm
ENSG00000188677,cytosol
ENSG00000174437,nucleoplasm
ENSG00000183530,nucleoplasm
ENSG00000144579,nucleoplasm
ENSG00000100911,nucleoplasm
ENSG00000066697,nucleoplasm
ENSG00000139793,nucleoplasm
ENSG00000149716,nucleoplasm
ENSG00000254726,cytosol
ENSG00000135374,nucleoplasm
ENSG00000162745,cytosol
ENSG00000218891,nucleoplasm
ENSG00000054967,nucleoplasm
ENSG00000083307,nucleoplasm
ENSG00000159184,nucleoplasm
ENSG00000178860,nucleoplasm
ENSG00000138036,cytosol
ENSG00000161860,nucleoplasm
ENSG00000008196,nucleoplasm
ENSG00000167105,nucleoplasm
ENSG00000130522,nucleoplasm
ENSG00000099817,nucleoplasm
ENSG00000244405,nucleoplasm
ENSG00000118689,nucleoplasm
ENSG00000116990,nucleoplasm
ENSG00000130844,nucleoplasm
ENSG00000169594,nucleoplasm
ENSG00000134954,nucleoplasm
ENSG00000187741,nucleoplasm
ENSG00000132002,nucleoplasm
ENSG00000164853,nucleoplasm
ENSG00000198840,cytosol
ENSG00000146285,nucleoplasm
ENSG00000173418,cytosol
ENSG00000132341,nucleoplasm
ENSG00000101052,cytosol
ENSG00000173039,cytosol
ENSG00000114923,nucleoplasm
ENSG00000277258,nucleoplasm
ENSG00000052344,cytosol
ENSG00000105967,nucleoplasm
ENSG00000136527,nucleoplasm
ENSG00000271601,cytosol
ENSG00000198816,nucleoplasm
ENSG00000119760,nucleoplasm
ENSG00000110066,nucleoplasm
ENSG00000204231,nucleoplasm
ENSG00000135903,nucleoplasm
ENSG00000197860,nucleoplasm
ENSG00000148297,nucleoplasm
ENSG00000135503,cytosol
ENSG00000059378,nucleoplasm
ENSG00000055332,cytosol
ENSG00000163132,nucleoplasm
ENSG00000083099,cytosol
ENSG00000082014,nucleoplasm
ENSG00000177169,cytosol
ENSG00000198026,nucleoplasm
ENSG00000130726,nucleoplasm
ENSG00000128714,nucleoplasm
ENSG00000125285,nucleoplasm
ENSG00000204682,nucleoplasm
ENSG00000175087,nucleoplasm
ENSG00000180182,nucleoplasm
ENSG00000196420,nucleoplasm
ENSG00000158825,nucleoplasm
ENSG00000135334,nucleoplasm
ENSG00000136925,nucleoplasm
ENSG00000145191,cytosol
ENSG00000054277,nucleoplasm
ENSG00000196497,cytosol
ENSG00000102243,nucleoplasm
ENSG00000164961,nucleoplasm
ENSG00000089225,nucleoplasm
ENSG00000251692,cytosol
ENSG00000168917,cytosol
ENSG00000106346,nucleoplasm
ENSG00000167657,nucleoplasm
ENSG00000011454,cytosol
ENSG00000154262,nucleoplasm
ENSG00000136514,nucleoplasm
ENSG00000129521,cytosol
ENSG00000163947,cytosol
ENSG00000120093,nucleoplasm
ENSG00000101138,nucleoplasm
ENSG00000177614,nucleoplasm
ENSG00000100991,cytosol
ENSG00000257949,nucleoplasm
ENSG00000182916,nucleoplasm
ENSG00000071894,nucleoplasm
ENSG00000198856,nucleoplasm
ENSG00000170370,nucleoplasm
ENSG00000176182,nucleoplasm
ENSG00000106829,nucleoplasm
ENSG00000075461,cytosol
ENSG00000172922,nucleoplasm
ENSG00000184990,nucleoplasm
ENSG00000077616,nucleoplasm
ENSG00000122566,nucleoplasm
ENSG00000156873,cytosol
ENSG00000168234,nucleoplasm
ENSG00000235098,nucleoplasm
ENSG00000259120,nucleoplasm
ENSG00000109674,nucleoplasm
ENSG00000099901,cytosol
ENSG00000238227,nucleoplasm
ENSG00000145414,nucleoplasm
ENSG00000166816,cytosol
ENSG00000103510,nucleoplasm
ENSG00000170144,nucleoplasm
ENSG00000153531,nucleoplasm
ENSG00000088053,nucleoplasm
ENSG00000166963,cytosol
ENSG00000197714,nucleoplasm
ENSG00000082684,cytosol
ENSG00000068383,cytosol
ENSG00000196263,nucleoplasm
ENSG00000185418,cytosol
ENSG00000204392,nucleoplasm
ENSG00000205683,nucleoplasm
ENSG00000175592,nucleoplasm
ENSG00000254656,cytosol
ENSG00000196196,nucleoplasm
ENSG00000148308,nucleoplasm
ENSG00000092929,cytosol
ENSG00000148400,nucleoplasm
ENSG00000180626,nucleoplasm
ENSG00000162227,nucleoplasm
ENSG00000203760,nucleoplasm
ENSG00000177479,nucleoplasm
ENSG00000131788,nucleoplasm
ENSG00000132522,nucleoplasm
ENSG00000071243,nucleoplasm
ENSG00000221869,nucleoplasm
ENSG00000117616,nucleoplasm
ENSG00000166265,nucleoplasm
ENSG00000214491,nucleoplasm
ENSG00000215397,nucleoplasm
ENSG00000168505,nucleoplasm
ENSG00000143977,nucleoplasm
ENSG00000119402,nucleoplasm
ENSG00000143919,nucleoplasm
ENSG00000108510,nucleoplasm
ENSG00000204839,nucleoplasm
ENSG00000154122,cytosol
ENSG00000108924,nucleoplasm
ENSG00000254827,nucleoplasm
ENSG00000128513,nucleoplasm
ENSG00000214706,nucleoplasm
ENSG00000184557,cytosol
ENSG00000234284,nucleoplasm
ENSG00000127445,nucleoplasm
ENSG00000171462,nucleoplasm
ENSG00000198355,cytosol
ENSG00000078043,nucleoplasm
ENSG00000104973,nucleoplasm
ENSG00000235750,nucleoplasm
ENSG00000100146,nucleoplasm
ENSG00000147124,nucleoplasm
ENSG00000155760,nucleoplasm
ENSG00000112237,nucleoplasm
ENSG00000107077,nucleoplasm
ENSG00000173421,nucleoplasm
ENSG00000169813,nucleoplasm
ENSG00000241484,nucleoplasm
ENSG00000205710,nucleoplasm
ENSG00000113649,nucleoplasm
ENSG00000158435,nucleoplasm
ENSG00000131408,nucleoplasm
ENSG00000105639,cytosol
ENSG00000105327,cytosol
ENSG00000168918,cytosol
ENSG00000162736,cytosol
ENSG00000111799,nucleoplasm
ENSG00000116830,cytosol
ENSG00000115464,nucleoplasm
ENSG00000125869,cytosol
ENSG00000169297,nucleoplasm
ENSG00000101331,nucleoplasm
ENSG00000133315,nucleoplasm
ENSG00000185669,nucleoplasm
ENSG00000198855,nucleoplasm
ENSG00000108622,cytosol
ENSG00000055208,cytosol
ENSG00000146587,nucleoplasm
ENSG00000099949,nucleoplasm
ENSG00000089094,nucleoplasm
ENSG00000012779,nucleoplasm
ENSG00000079277,nucleoplasm
ENSG00000120158,nucleoplasm
ENSG00000196781,nucleoplasm
ENSG00000157833,cytosol
ENSG00000186166,nucleoplasm
ENSG00000168032,cytosol
ENSG00000164068,cytosol
ENSG00000105321,cytosol
ENSG00000126457,nucleoplasm
ENSG00000130751,nucleoplasm
ENSG00000135643,cytosol
ENSG00000132664,nucleoplasm
ENSG00000124374,cytosol
ENSG00000127922,cytosol
ENSG00000173673,nucleoplasm
ENSG00000143772,nucleoplasm
ENSG00000164089,nucleoplasm
ENSG00000167637,nucleoplasm
ENSG00000115163,nucleoplasm
ENSG00000230510,cytosol
ENSG00000170293,nucleoplasm
ENSG00000142528,nucleoplasm
ENSG00000167775,cytosol
ENSG00000203883,nucleoplasm
ENSG00000136944,nucleoplasm
ENSG00000170425,cytosol
ENSG00000256294,nucleoplasm
ENSG00000115942,nucleoplasm
ENSG00000059145,cytosol
ENSG00000157106,nucleoplasm
ENSG00000179943,nucleoplasm
ENSG00000165660,cytosol
ENSG00000185634,cytosol
ENSG00000173261,nucleoplasm
ENSG00000109132,nucleoplasm
ENSG00000065000,cytosol
ENSG00000055609,nucleoplasm
ENSG00000151623,nucleoplasm
ENSG00000138381,cytosol
ENSG00000089723,nucleoplasm
ENSG00000124459,nucleoplasm
ENSG00000122966,cytosol
ENSG00000120068,nucleoplasm
ENSG00000167920,cytosol
ENSG00000222009,cytosol
ENSG00000198408,cytosol
ENSG00000106009,nucleoplasm
ENSG00000196233,nucleoplasm
ENSG00000006468,nucleoplasm
ENSG00000197008,cytosol
ENSG00000140600,cytosol
ENSG00000205423,cytosol
ENSG00000145287,cytosol
ENSG00000126945,nucleoplasm
ENSG00000169045,nucleoplasm
ENSG00000173674,cytosol
ENSG00000198692,cytosol
ENSG00000213920,nucleoplasm
ENSG00000255526,nucleoplasm
ENSG00000146757,nucleoplasm
ENSG00000173041,nucleoplasm
ENSG00000169951,cytosol
ENSG00000169955,cytosol
ENSG00000167081,nucleoplasm
ENSG00000038210,cytosol
ENSG00000281028,cytosol
ENSG00000168970,cytosol
ENSG00000243789,cytosol
ENSG00000250506,cytosol
ENSG00000261408,cytosol
ENSG00000011052,cytosol
ENSG00000239672,cytosol
ENSG00000170122,nucleoplasm
ENSG00000184492,nucleoplasm
ENSG00000184659,nucleoplasm
ENSG00000187559,nucleoplasm
ENSG00000204779,nucleoplasm
ENSG00000273514,nucleoplasm
ENSG00000142789,cytosol
ENSG00000219073,cytosol
ENSG00000015479,nucleoplasm
ENSG00000280987,nucleoplasm
ENSG00000104818,cytosol
ENSG00000104826,cytosol
ENSG00000104827,cytosol
ENSG00000189052,cytosol
ENSG00000196337,cytosol
ENSG00000213030,cytosol
ENSG00000267335,cytosol
ENSG00000267631,cytosol
ENSG00000156475,cytosol
ENSG00000175470,cytosol
ENSG00000221914,cytosol
ENSG00000173480,nucleoplasm
ENSG00000198466,nucleoplasm
ENSG00000171314,nucleoplasm
ENSG00000226784,nucleoplasm
ENSG00000167131,cytosol
ENSG00000214447,cytosol
ENSG00000198205,nucleoplasm
ENSG00000198455,nucleoplasm
ENSG00000198354,cytosol
ENSG00000198889,cytosol
ENSG00000160201,nucleoplasm
ENSG00000275895,nucleoplasm
ENSG00000264230,nucleoplasm
ENSG00000265190,nucleoplasm
ENSG00000169627,nucleoplasm
ENSG00000183336,nucleoplasm
ENSG00000070756,cytosol
ENSG00000151846,cytosol
ENSG00000168961,cytosol
ENSG00000170298,cytosol
ENSG00000171916,cytosol
ENSG00000005075,nucleoplasm
ENSG00000168255,nucleoplasm
ENSG00000228049,nucleoplasm
ENSG00000270249,nucleoplasm
ENSG00000122824,cytosol
ENSG00000173598,cytosol
ENSG00000196368,cytosol
ENSG00000270800,cytosol
ENSG00000272325,cytosol
ENSG00000132207,nucleoplasm
ENSG00000181625,nucleoplasm
ENSG00000184110,cytosol
ENSG00000205609,cytosol
ENSG00000171931,nucleoplasm
ENSG00000241322,nucleoplasm
ENSG00000164053,nucleoplasm
ENSG00000282827,nucleoplasm
ENSG00000146755,cytosol
ENSG00000155428,cytosol
ENSG00000178809,cytosol
ENSG00000171291,nucleoplasm
ENSG00000171295,nucleoplasm
ENSG00000196757,nucleoplasm
ENSG00000197054,nucleoplasm
ENSG00000198429,nucleoplasm
ENSG00000267179,nucleoplasm
ENSG00000124614,cytosol
ENSG00000132141,cytosol
ENSG00000146731,cytosol
ENSG00000105402,cytosol
ENSG00000125814,cytosol
ENSG00000214652,nucleoplasm
ENSG00000234444,nucleoplasm
ENSG00000248167,cytosol
ENSG00000112079,cytosol
ENSG00000211455,cytosol
ENSG00000113712,cytosol
ENSG00000180138,cytosol
ENSG00000146963,nucleoplasm
ENSG00000269955,nucleoplasm
ENSG00000101210,cytosol
ENSG00000156508,cytosol
ENSG00000213533,cytosol
ENSG00000248592,cytosol
ENSG00000124208,nucleoplasm
ENSG00000169139,nucleoplasm
ENSG00000244687,nucleoplasm
ENSG00000169203,nucleoplasm
ENSG00000169246,nucleoplasm
ENSG00000183426,nucleoplasm
ENSG00000183793,nucleoplasm
ENSG00000183889,nucleoplasm
ENSG00000185864,nucleoplasm
ENSG00000196436,nucleoplasm
ENSG00000196993,nucleoplasm
ENSG00000198064,nucleoplasm
ENSG00000198156,nucleoplasm
ENSG00000214940,nucleoplasm
ENSG00000214967,nucleoplasm
ENSG00000224712,nucleoplasm
ENSG00000233024,nucleoplasm
ENSG00000233232,nucleoplasm
ENSG00000234719,nucleoplasm
ENSG00000243716,nucleoplasm
ENSG00000254206,nucleoplasm
ENSG00000254852,nucleoplasm
ENSG00000255524,nucleoplasm
ENSG00000116983,cytosol
ENSG00000163032,cytosol
ENSG00000174156,cytosol
ENSG00000182793,cytosol
ENSG00000243955,cytosol
ENSG00000244067,cytosol
ENSG00000174428,nucleoplasm
ENSG00000196275,nucleoplasm
ENSG00000128383,nucleoplasm
ENSG00000179750,nucleoplasm
ENSG00000147274,nucleoplasm
ENSG00000213516,nucleoplasm
ENSG00000282278,nucleoplasm
ENSG00000139842,nucleoplasm
ENSG00000158290,nucleoplasm
ENSG00000101266,nucleoplasm
ENSG00000254598,nucleoplasm
ENSG00000003096,cytosol
ENSG00000198642,cytosol
ENSG00000143954,cytosol
ENSG00000172016,cytosol
ENSG00000171466,nucleoplasm
ENSG00000171469,nucleoplasm
ENSG00000189339,nucleoplasm
ENSG00000215790,nucleoplasm
ENSG00000053371,cytosol
ENSG00000162482,cytosol
ENSG00000147121,nucleoplasm
ENSG00000157349,nucleoplasm
ENSG00000168872,nucleoplasm
ENSG00000260537,nucleoplasm
ENSG00000125835,nucleoplasm
ENSG00000128739,nucleoplasm
ENSG00000137878,nucleoplasm
ENSG00000255529,nucleoplasm
ENSG00000156976,cytosol
ENSG00000161960,cytosol
ENSG00000152443,nucleoplasm
ENSG00000269026,nucleoplasm
ENSG00000178917,cytosol
ENSG00000178935,nucleoplasm
ENSG00000196724,nucleoplasm
ENSG00000204514,nucleoplasm
ENSG00000269343,nucleoplasm
ENSG00000021461,cytosol
ENSG00000106258,cytosol
ENSG00000160868,cytosol
ENSG00000160870,cytosol
ENSG00000282301,cytosol
ENSG00000196531,cytosol
ENSG00000253506,cytosol
ENSG00000237847,cytosol
ENSG00000268674,cytosol
ENSG00000268991,cytosol
ENSG00000279132,cytosol
