level_b,ensg_id,gene_name,uniprot_id
nucleoplasm,ENSG00000049769,PPP1R3F,Q6ZSY5
nucleoplasm,ENSG00000156504,FAM122B,Q7Z309
cytosol,ENSG00000102096,PIM2,Q9P1W9
nucleoplasm,ENSG00000068394,GPKOW,Q92917
nucleoplasm,ENSG00000133131,MORC4,Q8TE76
cytosol,ENSG00000269335,IKBKG,Q9Y6K9
nucleoplasm,ENSG00000102241,HTATSF1,O43719
nucleoplasm,ENSG00000198157,HMGN5,P82970
nucleoplasm,ENSG00000102057,KCND1,Q9NSA2
cytosol,ENSG00000239900,ADSL,P30566
cytosol,ENSG00000062096,ARSF,P54793
nucleoplasm,ENSG00000169057,MECP2,P51608
nucleoplasm,ENSG00000100439,ABHD4,Q8TB40
nucleoplasm,ENSG00000090061,CCNK,O75909
nucleoplasm,ENSG00000182901,RGS7,P49802
cytosol,ENSG00000087842,PIR,O00625
cytosol,ENSG00000100714,MTHFD1,P11586
cytosol,ENSG00000015475,BID,P55957
nucleoplasm,ENSG00000204271,SPIN3,Q5JUX0
cytosol,ENSG00000100092,SH3BP1,Q9Y3L3
cytosol,ENSG00000152767,FARP1,Q9Y4F1
cytosol,ENSG00000100600,LGMN,Q99538
nucleoplasm,ENSG00000100395,L3MBTL2,Q969R5
cytosol,ENSG00000185339,TCN2,P20062
nucleoplasm,ENSG00000106689,LHX2,P50458
cytosol,ENSG00000086712,TXLNG,Q9NUQ3
nucleoplasm,ENSG00000012963,UBR7,Q8N806
cytosol,ENSG00000100442,FKBP3,Q00688
nucleoplasm,ENSG00000066739,ATG2B,Q96BY7
cytosol,ENSG00000198908,BHLHB9,Q6PI77
cytosol,ENSG00000100591,AHSA1,O95433
nucleoplasm,"ENSG00000126945,ENSG00000169045","HNRNPH2,HNRNPH1","P55795,P31943"
nucleoplasm,ENSG00000013523,ANGEL1,Q9UNK9
nucleoplasm,ENSG00000131773,KHDRBS3,O75525
cytosol,ENSG00000179454,KLHL28,Q9NXS3
nucleoplasm,ENSG00000147133,TAF1,P21675
nucleoplasm,ENSG00000198554,WDHD1,O75717
nucleoplasm,ENSG00000185246,PRPF39,Q86UA1
cytosol,ENSG00000145675,PIK3R1,P27986
nucleoplasm,ENSG00000100056,DGCR14,Q96DF8
cytosol,ENSG00000100985,MMP9,P14780
cytosol,ENSG00000104365,IKBKB,O14920
cytosol,ENSG00000166165,CKB,P12277
cytosol,ENSG00000101557,USP14,P54578
cytosol,ENSG00000152492,CCDC50,Q8IVM0
nucleoplasm,ENSG00000184302,SIX6,O95475
nucleoplasm,ENSG00000133980,VRTN,Q9H8Y1
cytosol,ENSG00000150787,PTS,Q03393
cytosol,ENSG00000110944,IL23A,Q9NPF7
cytosol,ENSG00000163536,SERPINI1,Q99574
cytosol,ENSG00000111057,KRT18,P05783
nucleoplasm,ENSG00000108947,EFNB3,Q15768
nucleoplasm,ENSG00000086589,RBM22,Q9NW64
cytosol,ENSG00000182752,PAPPA,Q13219
nucleoplasm,ENSG00000099326,MZF1,P28698
nucleoplasm,ENSG00000125398,SOX9,P48436
nucleoplasm,ENSG00000100784,RPS6KA5,O75582
cytosol,ENSG00000100403,ZC3H7B,Q9UGR2
nucleoplasm,ENSG00000090060,PAPOLA,P51003
nucleoplasm,ENSG00000122386,ZNF205,O95201
cytosol,ENSG00000151748,SAV1,Q9H4B6
cytosol,ENSG00000143248,RGS5,O15539
nucleoplasm,ENSG00000185591,SP1,P08047
cytosol,ENSG00000213928,IRF9,Q00978
cytosol,ENSG00000163932,PRKCD,Q05655
cytosol,ENSG00000141968,VAV1,P15498
nucleoplasm,ENSG00000143322,ABL2,P42684
cytosol,ENSG00000104611,SH2D4A,Q9H788
nucleoplasm,ENSG00000102387,TAF7L,Q5H9L4
nucleoplasm,ENSG00000052850,ALX4,Q9H161
cytosol,ENSG00000179115,FARSA,Q9Y285
nucleoplasm,ENSG00000110693,SOX6,P35712
nucleoplasm,ENSG00000196498,NCOR2,Q9Y618
cytosol,ENSG00000136231,IGF2BP3,O00425
nucleoplasm,ENSG00000133466,C1QTNF6,Q9BXI9
nucleoplasm,ENSG00000275410,HNF1B,P35680
cytosol,ENSG00000165092,ALDH1A1,P00352
cytosol,ENSG00000117868,ESYT2,A0FGR8
nucleoplasm,ENSG00000140968,IRF8,Q02556
cytosol,ENSG00000130300,PLVAP,Q9BX97
cytosol,ENSG00000074695,LMAN1,P49257
cytosol,ENSG00000013364,MVP,Q14764
cytosol,ENSG00000110619,CARS,P49589
cytosol,"ENSG00000173674,ENSG00000198692","EIF1AX,EIF1AY","P47813,O14602"
nucleoplasm,ENSG00000100796,PPP4R3A,Q6IN85
cytosol,ENSG00000197157,SND1,Q7KZF4
nucleoplasm,ENSG00000020922,MRE11A,P49959
nucleoplasm,ENSG00000137265,IRF4,Q15306
cytosol,ENSG00000068438,FTSJ1,Q9UET6
nucleoplasm,ENSG00000198131,ZNF544,Q6NX49
cytosol,ENSG00000140545,MFGE8,Q08431
cytosol,ENSG00000129682,FGF13,Q92913
cytosol,ENSG00000091164,TXNL1,O43396
nucleoplasm,ENSG00000131969,ABHD12B,Q7Z5M8
nucleoplasm,ENSG00000044446,PHKA2,P46019
nucleoplasm,ENSG00000078596,ITM2A,O43736
nucleoplasm,ENSG00000136826,KLF4,O43474
cytosol,ENSG00000187097,ENTPD5,O75356
nucleoplasm,ENSG00000092067,CEBPE,Q15744
cytosol,ENSG00000100104,SRRD,Q9UH36
nucleoplasm,ENSG00000165792,METTL17,Q9H7H0
cytosol,ENSG00000134759,ELP2,Q6IA86
nucleoplasm,ENSG00000165617,DACT1,Q9NYF0
nucleoplasm,ENSG00000181433,SAGE1,Q9NXZ1
nucleoplasm,ENSG00000100387,RBX1,P62877
nucleoplasm,"ENSG00000213920,ENSG00000255526","MDP1,NEDD8-MDP1",Q86V88
nucleoplasm,ENSG00000184949,FAM227A,F5H4B4
nucleoplasm,ENSG00000186976,EFCAB6,Q5THR3
nucleoplasm,ENSG00000156030,ELMSAN1,Q6PJG2
nucleoplasm,ENSG00000176473,WDR25,Q64LD2
nucleoplasm,ENSG00000164048,ZNF589,Q86UQ0
cytosol,ENSG00000073969,NSF,P46459
nucleoplasm,"ENSG00000146757,ENSG00000173041","ZNF92,ZNF680","Q03936,Q8NEM1"
nucleoplasm,ENSG00000099917,MED15,Q96RN5
nucleoplasm,ENSG00000184634,MED12,Q93074
cytosol,ENSG00000166226,CCT2,P78371
cytosol,"ENSG00000169951,ENSG00000169955","ZNF764,ZNF747","Q96H86,Q9BV97"
nucleoplasm,ENSG00000147130,ZMYM3,Q14202
cytosol,ENSG00000120265,PCMT1,P22061
cytosol,ENSG00000151967,SCHIP1,Q9P0W5
nucleoplasm,ENSG00000196453,ZNF777,Q9ULD5
nucleoplasm,ENSG00000154727,GABPA,Q06546
nucleoplasm,ENSG00000113578,FGF1,P05230
cytosol,ENSG00000123240,OPTN,Q96CV9
nucleoplasm,ENSG00000164458,T,O15178
cytosol,ENSG00000156587,UBE2L6,O14933
nucleoplasm,ENSG00000164109,MAD2L1,Q13257
cytosol,ENSG00000147010,SH3KBP1,Q96B97
nucleoplasm,ENSG00000167182,SP2,Q02086
nucleoplasm,ENSG00000151876,FBXO4,Q9UKT5
nucleoplasm,ENSG00000132879,FBXO44,Q9H4M3
cytosol,ENSG00000125691,RPL23,P62829
cytosol,ENSG00000126773,PCNXL4,Q63HM2
cytosol,ENSG00000116679,IVNS1ABP,Q9Y6Y0
nucleoplasm,ENSG00000119681,LTBP2,Q14767
nucleoplasm,ENSG00000185630,PBX1,P40424
nucleoplasm,ENSG00000065802,ASB1,Q9Y576
cytosol,ENSG00000129675,ARHGEF6,Q15052
nucleoplasm,ENSG00000100897,DCAF11,Q8TEB1
nucleoplasm,ENSG00000071859,FAM50A,Q14320
nucleoplasm,ENSG00000154473,BUB3,O43684
cytosol,ENSG00000169093,ASMTL,O95671
cytosol,ENSG00000089127,OAS1,P00973
nucleoplasm,ENSG00000166526,ZNF3,P17036
nucleoplasm,ENSG00000111880,RNGTT,O60942
nucleoplasm,ENSG00000185947,ZNF267,Q14586
nucleoplasm,ENSG00000114861,FOXP1,Q9H334
nucleoplasm,ENSG00000005889,ZFX,P17010
nucleoplasm,"ENSG00000167081,ENSG00000185630","PBX3,PBX1","P40426,P40424"
cytosol,ENSG00000136717,BIN1,O00499
cytosol,ENSG00000103275,UBE2I,P63279
nucleoplasm,ENSG00000073584,SMARCE1,Q969G3
cytosol,ENSG00000105401,CDC37,Q16543
nucleoplasm,ENSG00000172818,OVOL1,O14753
nucleoplasm,ENSG00000187690,CXorf67,Q86X51
nucleoplasm,ENSG00000275023,MLLT6,
nucleoplasm,ENSG00000126746,ZNF384,Q8TF68
cytosol,ENSG00000145907,G3BP1,Q13283
nucleoplasm,ENSG00000169946,ZFPM2,Q8WW38
nucleoplasm,ENSG00000152977,ZIC1,Q15915
cytosol,"ENSG00000038210,ENSG00000281028","PI4K2B,RP11-717K11.2",Q8TCG2
cytosol,ENSG00000000003,TSPAN6,O43657
cytosol,ENSG00000165506,DNAAF2,Q9NVR5
nucleoplasm,ENSG00000102974,CTCF,P49711
cytosol,ENSG00000166986,MARS,P56192
nucleoplasm,ENSG00000197013,ZNF429,Q86V71
nucleoplasm,ENSG00000166337,TAF10,Q12962
nucleoplasm,ENSG00000077092,RARB,P10826
cytosol,ENSG00000149925,ALDOA,P04075
cytosol,ENSG00000115677,HDLBP,Q00341
nucleoplasm,ENSG00000106617,PRKAG2,Q9UGJ0
cytosol,ENSG00000274211,SOCS7,O14512
nucleoplasm,ENSG00000101076,HNF4A,P41235
cytosol,ENSG00000138735,PDE5A,O76074
nucleoplasm,ENSG00000132792,CTNNBL1,Q8WYA6
cytosol,ENSG00000154553,PDLIM3,Q53GG5
cytosol,ENSG00000061273,HDAC7,Q8WUI4
nucleoplasm,ENSG00000105127,AKAP8,O43823
nucleoplasm,ENSG00000117036,ETV3,P41162
cytosol,ENSG00000119280,C1orf198,Q9H425
nucleoplasm,ENSG00000112319,EYA4,O95677
cytosol,ENSG00000185885,IFITM1,P13164
nucleoplasm,ENSG00000075426,FOSL2,P15408
nucleoplasm,ENSG00000076003,MCM6,Q14566
nucleoplasm,ENSG00000111358,GTF2H3,Q13889
nucleoplasm,ENSG00000121022,COPS5,Q92905
nucleoplasm,ENSG00000100319,ZMAT5,Q9UDW3
nucleoplasm,ENSG00000104738,MCM4,P33991
nucleoplasm,ENSG00000105705,SUGP1,Q8IWZ8
nucleoplasm,ENSG00000129315,CCNT1,O60563
cytosol,ENSG00000126456,IRF3,Q14653
nucleoplasm,ENSG00000138668,HNRNPD,Q14103
cytosol,ENSG00000070669,ASNS,P08243
cytosol,ENSG00000196428,TSC22D2,O75157
cytosol,ENSG00000166523,CLEC4E,Q9ULY5
cytosol,ENSG00000105397,TYK2,P29597
cytosol,ENSG00000049239,H6PD,O95479
cytosol,ENSG00000130294,KIF1A,Q12756
nucleoplasm,ENSG00000152942,RAD17,O75943
nucleoplasm,ENSG00000117713,ARID1A,O14497
nucleoplasm,ENSG00000108799,EZH1,Q92800
nucleoplasm,ENSG00000111252,SH2B3,Q9UQQ2
cytosol,ENSG00000140105,WARS,P23381
nucleoplasm,ENSG00000179348,GATA2,P23769
nucleoplasm,ENSG00000185155,MIXL1,Q9H2W2
nucleoplasm,ENSG00000105880,DLX5,P56178
nucleoplasm,ENSG00000132109,TRIM21,P19474
nucleoplasm,ENSG00000119383,PPP2R4,Q15257
cytosol,ENSG00000075618,FSCN1,Q16658
cytosol,"ENSG00000168970,ENSG00000243789","JMJD7-PLA2G4B,JMJD7",P0C870
nucleoplasm,ENSG00000127124,HIVEP3,Q5T1R4
cytosol,ENSG00000213930,GALT,P07902
cytosol,ENSG00000139410,SDSL,Q96GA7
cytosol,ENSG00000168078,PBK,Q96KB5
nucleoplasm,ENSG00000140987,ZSCAN32,Q9NX65
nucleoplasm,"ENSG00000122566,ENSG00000135486,ENSG00000170144","HNRNPA2B1,HNRNPA1,HNRNPA3","P22626,P09651,P51991"
cytosol,ENSG00000164938,TP53INP1,Q96A56
cytosol,ENSG00000118217,ATF6,P18850
cytosol,ENSG00000014216,CAPN1,P07384
cytosol,ENSG00000154001,PPP2R5E,Q16537
cytosol,ENSG00000143149,ALDH9A1,P49189
nucleoplasm,ENSG00000157259,GATAD1,Q8WUU5
cytosol,ENSG00000117479,SLC19A2,O60779
cytosol,ENSG00000129946,SHC2,P98077
nucleoplasm,ENSG00000162613,FUBP1,Q96AE4
nucleoplasm,ENSG00000149480,MTA2,O94776
nucleoplasm,ENSG00000136146,MED4,Q9NPJ6
cytosol,ENSG00000135655,USP15,Q9Y4E8
nucleoplasm,ENSG00000159409,CELF3,Q5SZQ8
nucleoplasm,ENSG00000177463,NR2C2,P49116
cytosol,ENSG00000165704,HPRT1,P00492
cytosol,ENSG00000112306,RPS12,P25398
nucleoplasm,ENSG00000101126,ADNP,Q9H2P0
cytosol,ENSG00000088038,CNOT3,O75175
cytosol,ENSG00000109854,HTATIP2,Q9BUP3
cytosol,ENSG00000106992,AK1,P00568
nucleoplasm,ENSG00000111229,ARPC3,O15145
cytosol,ENSG00000079435,LIPE,Q05469
cytosol,ENSG00000143627,PKLR,P30613
nucleoplasm,ENSG00000196700,ZNF512B,Q96KM6
nucleoplasm,ENSG00000073050,XRCC1,P18887
nucleoplasm,ENSG00000005156,LIG3,P49916
nucleoplasm,ENSG00000172613,RAD9A,Q99638
cytosol,ENSG00000166925,TSC22D4,Q9Y3Q8
nucleoplasm,ENSG00000167491,GATAD2A,Q86YP4
nucleoplasm,ENSG00000005073,HOXA11,P31270
cytosol,ENSG00000110321,EIF4G2,P78344
cytosol,ENSG00000175550,DRAP1,Q14919
nucleoplasm,ENSG00000152422,XRCC4,Q13426
nucleoplasm,ENSG00000160685,ZBTB7B,O15156
cytosol,ENSG00000134248,LAMTOR5,O43504
cytosol,ENSG00000164197,RNF180,Q86T96
cytosol,ENSG00000103404,USP31,Q70CQ4
cytosol,ENSG00000176293,ZNF135,P52742
nucleoplasm,ENSG00000111752,PHC1,P78364
nucleoplasm,ENSG00000179981,TSHZ1,Q6ZSZ6
cytosol,ENSG00000138030,KHK,P50053
nucleoplasm,ENSG00000170322,NFRKB,Q6P4R8
cytosol,ENSG00000104415,WISP1,O95388
nucleoplasm,ENSG00000135486,HNRNPA1,P09651
cytosol,ENSG00000002746,HECW1,Q76N89
nucleoplasm,ENSG00000120071,KANSL1,Q7Z3B3
cytosol,ENSG00000180616,SSTR2,P30874
nucleoplasm,ENSG00000196812,ZSCAN16,Q9H4T2
cytosol,ENSG00000172137,CALB2,P22676
cytosol,ENSG00000181019,NQO1,P15559
cytosol,ENSG00000121957,GPSM2,P81274
cytosol,ENSG00000145022,TCTA,P57738
cytosol,ENSG00000196975,ANXA4,P09525
nucleoplasm,ENSG00000080224,EPHA6,Q9UF33
cytosol,"ENSG00000250506,ENSG00000261408","CDK3,TEN1-CDK3",Q00526
cytosol,ENSG00000117480,FAAH,O00519
nucleoplasm,ENSG00000106537,TSPAN13,O95857
nucleoplasm,ENSG00000102683,SGCG,Q13326
nucleoplasm,ENSG00000008441,NFIX,Q14938
nucleoplasm,ENSG00000112852,PCDHB2,Q9Y5E7
cytosol,ENSG00000197956,S100A6,P06703
nucleoplasm,ENSG00000064393,HIPK2,Q9H2X6
cytosol,ENSG00000085511,MAP3K4,Q9Y6R4
cytosol,ENSG00000148053,NTRK2,Q16620
cytosol,ENSG00000151422,FER,P16591
nucleoplasm,ENSG00000165119,HNRNPK,P61978
cytosol,ENSG00000177453,NIM1K,Q8IY84
cytosol,ENSG00000182378,PLCXD1,Q9NUJ7
cytosol,ENSG00000159164,SV2A,Q7L0J3
cytosol,ENSG00000106541,AGR2,O95994
nucleoplasm,ENSG00000107738,C10orf54,Q9H7M9
cytosol,ENSG00000120697,ALG5,Q9Y673
nucleoplasm,ENSG00000122034,GTF3A,Q92664
cytosol,ENSG00000110237,ARHGEF17,Q96PE2
cytosol,ENSG00000169504,CLIC4,Q9Y696
cytosol,ENSG00000082512,TRAF5,O00463
nucleoplasm,ENSG00000140382,HMG20A,Q9NP66
cytosol,ENSG00000184922,FMNL1,O95466
cytosol,ENSG00000164078,MST1R,Q04912
cytosol,ENSG00000172939,OXSR1,O95747
nucleoplasm,ENSG00000170525,PFKFB3,Q16875
nucleoplasm,ENSG00000198912,C1orf174,Q8IYL3
nucleoplasm,ENSG00000198963,RORB,Q92753
cytosol,ENSG00000115828,QPCT,Q16769
cytosol,ENSG00000156970,BUB1B,O60566
cytosol,ENSG00000077150,NFKB2,Q00653
cytosol,ENSG00000135624,CCT7,Q99832
cytosol,ENSG00000125779,PANK2,Q9BZ23
cytosol,ENSG00000108953,YWHAE,P62258
cytosol,ENSG00000185909,KLHDC8B,Q8IXV7
cytosol,"ENSG00000011052,ENSG00000239672","NME1-NME2,NME1",P15531
cytosol,ENSG00000007038,PRSS21,Q9Y6M0
cytosol,ENSG00000120708,TGFBI,Q15582
nucleoplasm,ENSG00000107882,SUFU,Q9UMX1
cytosol,ENSG00000074603,DPP8,Q6V1X1
cytosol,ENSG00000013561,RNF14,Q9UBS8
nucleoplasm,ENSG00000132781,MUTYH,Q9UIF7
cytosol,ENSG00000162551,ALPL,P05186
nucleoplasm,ENSG00000089280,FUS,P35637
nucleoplasm,ENSG00000185697,MYBL1,P10243
nucleoplasm,ENSG00000132680,KIAA0907,Q7Z7F0
nucleoplasm,ENSG00000177225,PDDC1,Q8NB37
nucleoplasm,ENSG00000121297,TSHZ3,Q63HK5
nucleoplasm,ENSG00000081721,DUSP12,Q9UNI6
cytosol,ENSG00000173193,PARP14,Q460N5
cytosol,ENSG00000088812,ATRN,O75882
nucleoplasm,ENSG00000101049,SGK2,Q9HBY8
nucleoplasm,ENSG00000182325,FBXL6,Q8N531
cytosol,ENSG00000157456,CCNB2,O95067
nucleoplasm,ENSG00000186834,HEXIM1,O94992
nucleoplasm,ENSG00000104369,JPH1,Q9HDC5
nucleoplasm,ENSG00000213762,ZNF134,P52741
nucleoplasm,ENSG00000105376,ICAM5,Q9UMF0
cytosol,ENSG00000084764,MAPRE3,Q9UPY8
nucleoplasm,ENSG00000163728,TTC14,Q96N46
cytosol,ENSG00000126351,THRA,P10827
nucleoplasm,ENSG00000143355,LHX9,Q9NQ69
cytosol,ENSG00000127191,TRAF2,Q12933
cytosol,ENSG00000120063,GNA13,Q14344
cytosol,ENSG00000138160,KIF11,P52732
nucleoplasm,ENSG00000104081,BMF,Q96LC9
nucleoplasm,ENSG00000146242,TPBG,Q13641
cytosol,ENSG00000179593,ALOX15B,O15296
nucleoplasm,ENSG00000105229,PIAS4,Q8N2W9
cytosol,ENSG00000081051,AFP,P02771
nucleoplasm,ENSG00000139200,PIANP,Q8IYJ0
nucleoplasm,ENSG00000171659,GPR34,Q9UPC5
nucleoplasm,ENSG00000085871,MGST2,Q99735
cytosol,ENSG00000151694,ADAM17,P78536
cytosol,ENSG00000080854,IGSF9B,Q9UPX0
cytosol,ENSG00000139263,LRIG3,Q6UXM1
cytosol,ENSG00000113657,DPYSL3,Q14195
cytosol,ENSG00000148175,STOM,P27105
nucleoplasm,ENSG00000157168,NRG1,Q02297
nucleoplasm,ENSG00000166682,TMPRSS5,Q9H3S3
cytosol,ENSG00000184602,SNN,O75324
cytosol,ENSG00000175928,LRRN1,Q6UXK5
cytosol,ENSG00000175793,SFN,P31947
cytosol,ENSG00000153086,ACMSD,Q8TDX5
cytosol,ENSG00000166913,YWHAB,P31946
cytosol,ENSG00000116031,CD207,Q9UJ71
cytosol,ENSG00000105928,DFNA5,O60443
nucleoplasm,ENSG00000074416,MGLL,Q99685
nucleoplasm,ENSG00000115289,PCGF1,Q9BSM1
nucleoplasm,ENSG00000096401,CDC5L,Q99459
cytosol,ENSG00000176601,MAP3K19,Q56UN5
cytosol,ENSG00000146555,SDK1,Q7Z5N4
cytosol,ENSG00000157881,PANK4,Q9NVE7
nucleoplasm,ENSG00000196591,HDAC2,Q92769
cytosol,ENSG00000102699,PARP4,Q9UKK3
cytosol,ENSG00000103148,NPRL3,Q12980
nucleoplasm,ENSG00000166833,NAV2,Q8IVL1
nucleoplasm,ENSG00000108797,CNTNAP1,P78357
cytosol,ENSG00000128829,EIF2AK4,Q9P2K8
cytosol,ENSG00000144567,FAM134A,Q8NC44
cytosol,ENSG00000144749,LRIG1,Q96JA1
cytosol,ENSG00000170248,PDCD6IP,Q8WUM4
cytosol,ENSG00000118804,STBD1,O95210
nucleoplasm,ENSG00000103326,CAPN15,O75808
nucleoplasm,ENSG00000111642,CHD4,Q14839
nucleoplasm,ENSG00000153879,CEBPG,P53567
nucleoplasm,ENSG00000106034,CPED1,A4D0V7
cytosol,ENSG00000088543,C3orf18,Q9UK00
cytosol,ENSG00000186001,LRCH3,Q96II8
cytosol,ENSG00000105366,SIGLEC8,Q9NYZ4
cytosol,ENSG00000003137,CYP26B1,Q9NR63
cytosol,ENSG00000085978,ATG16L1,Q676U5
cytosol,ENSG00000136114,THSD1,Q9NS62
nucleoplasm,ENSG00000164161,HHIP,Q96QV1
cytosol,ENSG00000140983,RHOT2,Q8IXI1
cytosol,ENSG00000106268,NUDT1,P36639
nucleoplasm,ENSG00000162191,UBXN1,Q04323
nucleoplasm,ENSG00000099625,CBARP,Q8N350
nucleoplasm,ENSG00000166432,ZMAT1,Q5H9K5
nucleoplasm,"ENSG00000170122,ENSG00000184492,ENSG00000184659,ENSG00000187559,ENSG00000204779,ENSG00000273514","FOXD4,FOXD4L1,FOXD4L4,FOXD4L3,FOXD4L5,FOXD4L6","Q12950,Q9NU39,Q8WXT5,Q6VB84,Q5VV16,Q3SYB3"
nucleoplasm,ENSG00000135914,HTR2B,P41595
nucleoplasm,ENSG00000198842,DUSP27,Q5VZP5
nucleoplasm,ENSG00000152766,ANKRD22,Q5VYY1
cytosol,ENSG00000151025,GPR158,Q5T848
cytosol,ENSG00000124171,PARD6B,Q9BYG5
cytosol,ENSG00000116741,RGS2,P41220
nucleoplasm,ENSG00000118363,SPCS2,Q15005
cytosol,ENSG00000138772,ANXA3,P12429
cytosol,ENSG00000197646,PDCD1LG2,Q9BQ51
cytosol,ENSG00000134882,UBAC2,Q8NBM4
nucleoplasm,ENSG00000118985,ELL2,O00472
cytosol,ENSG00000123146,ADGRE5,P48960
cytosol,ENSG00000181016,LSMEM1,Q8N8F7
cytosol,ENSG00000186106,ANKRD46,Q86W74
nucleoplasm,ENSG00000089505,CMTM1,Q8IZ96
nucleoplasm,ENSG00000145332,KLHL8,Q9P2G9
nucleoplasm,ENSG00000140931,CMTM3,Q96MX0
cytosol,ENSG00000143126,CELSR2,Q9HCU4
nucleoplasm,ENSG00000076053,RBM7,Q9Y580
nucleoplasm,ENSG00000130584,ZBTB46,Q86UZ6
cytosol,ENSG00000163803,PLB1,Q6P1J6
cytosol,ENSG00000099785,MARCH2,Q9P0N8
nucleoplasm,ENSG00000108370,RGS9,O75916
cytosol,ENSG00000057704,TMCC3,Q9ULS5
nucleoplasm,ENSG00000198018,ENTPD7,Q9NQZ7
nucleoplasm,ENSG00000166881,NEMP1,O14524
nucleoplasm,ENSG00000111432,FZD10,Q9ULW2
cytosol,ENSG00000172572,PDE3A,Q14432
cytosol,ENSG00000176834,VSIG10,Q8N0Z9
cytosol,ENSG00000114859,CLCN2,P51788
nucleoplasm,ENSG00000166398,KIAA0355,O15063
nucleoplasm,ENSG00000173540,GMPPB,Q9Y5P6
cytosol,ENSG00000157800,SLC37A3,Q8NCC5
nucleoplasm,ENSG00000058799,YIPF1,Q9Y548
nucleoplasm,ENSG00000069188,SDK2,Q58EX2
nucleoplasm,ENSG00000148123,PLPPR1,Q8TBJ4
nucleoplasm,ENSG00000177311,ZBTB38,Q8NAP3
cytosol,ENSG00000114850,SSR3,Q9UNL2
cytosol,ENSG00000132481,TRIM47,Q96LD4
cytosol,ENSG00000142186,SCYL1,Q96KG9
cytosol,ENSG00000138071,ACTR2,P61160
nucleoplasm,ENSG00000143105,KCNA10,Q16322
cytosol,ENSG00000136731,UGGT1,Q9NYU2
cytosol,ENSG00000185158,LRRC37B,Q96QE4
cytosol,ENSG00000136636,KCTD3,Q9Y597
cytosol,ENSG00000137275,RIPK1,Q13546
nucleoplasm,ENSG00000102935,ZNF423,Q2M1K9
cytosol,ENSG00000104312,RIPK2,O43353
nucleoplasm,ENSG00000160325,CACFD1,Q9UGQ2
nucleoplasm,ENSG00000071794,HLTF,Q14527
nucleoplasm,ENSG00000165244,ZNF367,Q7RTV3
nucleoplasm,ENSG00000183943,PRKX,P51817
nucleoplasm,ENSG00000066422,ZBTB11,O95625
nucleoplasm,ENSG00000164463,CREBRF,Q8IUR6
nucleoplasm,ENSG00000086991,NOX4,Q9NPH5
nucleoplasm,ENSG00000124177,CHD6,Q8TD26
cytosol,ENSG00000165238,WNK2,Q9Y3S1
cytosol,ENSG00000076944,STXBP2,Q15833
nucleoplasm,ENSG00000126653,NSRP1,Q9H0G5
cytosol,ENSG00000138193,PLCE1,Q9P212
nucleoplasm,ENSG00000124299,PEPD,P12955
cytosol,ENSG00000097033,SH3GLB1,Q9Y371
cytosol,ENSG00000171155,C1GALT1C1,Q96EU7
nucleoplasm,ENSG00000134198,TSPAN2,O60636
cytosol,ENSG00000164841,TMEM74,Q96NL1
nucleoplasm,ENSG00000114904,NEK4,P51957
nucleoplasm,ENSG00000109685,WHSC1,O96028
nucleoplasm,ENSG00000015171,ZMYND11,Q15326
nucleoplasm,ENSG00000065526,SPEN,Q96T58
nucleoplasm,ENSG00000137075,RNF38,Q9H0F5
cytosol,ENSG00000152137,HSPB8,Q9UJY1
nucleoplasm,ENSG00000171045,TSNARE1,Q96NA8
cytosol,ENSG00000196277,GRM7,Q14831
nucleoplasm,ENSG00000198586,TLK1,Q9UKI8
cytosol,ENSG00000143570,SLC39A1,Q9NY26
nucleoplasm,ENSG00000138075,ABCG5,Q9H222
cytosol,ENSG00000276045,ORAI1,
cytosol,ENSG00000105983,LMBR1,Q8WVP7
nucleoplasm,ENSG00000182362,YBEY,P58557
cytosol,ENSG00000183864,TOB2,Q14106
nucleoplasm,ENSG00000056097,ZFR,Q96KR1
nucleoplasm,ENSG00000094916,CBX5,P45973
cytosol,ENSG00000168763,CNNM3,Q8NE01
nucleoplasm,ENSG00000165512,ZNF22,P17026
nucleoplasm,ENSG00000163104,SMARCAD1,Q9H4L7
nucleoplasm,ENSG00000166974,MAPRE2,Q15555
nucleoplasm,ENSG00000158079,PTPDC1,A2A3K4
cytosol,ENSG00000179134,SAMD4B,Q5PRF9
nucleoplasm,ENSG00000184307,ZDHHC23,Q8IYP9
nucleoplasm,ENSG00000160633,SAFB,Q15424
nucleoplasm,ENSG00000162391,FAM151A,Q8WW52
cytosol,ENSG00000134030,CTIF,O43310
cytosol,ENSG00000160255,ITGB2,P05107
nucleoplasm,ENSG00000114670,NEK11,Q8NG66
cytosol,ENSG00000031698,SARS,P49591
nucleoplasm,ENSG00000172977,KAT5,Q92993
nucleoplasm,ENSG00000174136,RGMB,Q6NW40
nucleoplasm,ENSG00000101189,MRGBP,Q9NV56
nucleoplasm,ENSG00000143614,GATAD2B,Q8WXI9
nucleoplasm,ENSG00000163946,FAM208A,Q9UK61
cytosol,ENSG00000091436,AC013461.1,Q9NYL2
nucleoplasm,ENSG00000120948,TARDBP,Q13148
nucleoplasm,ENSG00000138385,SSB,P05455
cytosol,ENSG00000185436,IFNLR1,Q8IU57
nucleoplasm,ENSG00000003756,RBM5,P52756
cytosol,ENSG00000133106,EPSTI1,Q96J88
cytosol,ENSG00000159267,HLCS,P50747
cytosol,ENSG00000110931,CAMKK2,Q96RR4
cytosol,ENSG00000204574,ABCF1,Q8NE71
cytosol,ENSG00000135317,SNX14,Q9Y5W7
cytosol,ENSG00000147459,DOCK5,Q9H7D0
cytosol,ENSG00000141161,UNC45B,Q8IWX7
cytosol,ENSG00000106105,GARS,P41250
nucleoplasm,ENSG00000060491,OGFR,Q9NZT2
nucleoplasm,ENSG00000142867,BCL10,O95999
cytosol,ENSG00000158019,BRE,Q9NXR7
cytosol,ENSG00000107968,MAP3K8,P41279
cytosol,ENSG00000138760,SCARB2,Q14108
cytosol,ENSG00000142166,IFNAR1,P17181
cytosol,ENSG00000176018,LYSMD3,Q7Z3D4
cytosol,ENSG00000105929,ATP6V0A4,Q9HBG4
nucleoplasm,ENSG00000143028,SYPL2,Q5VXT5
cytosol,ENSG00000197136,PCNXL3,Q9H6A9
cytosol,ENSG00000151239,TWF1,Q12792
cytosol,ENSG00000135387,CAPRIN1,Q14444
nucleoplasm,ENSG00000174669,SLC29A2,Q14542
nucleoplasm,ENSG00000105173,CCNE1,P24864
cytosol,ENSG00000130766,SESN2,P58004
nucleoplasm,ENSG00000151414,NEK7,Q8TDX7
nucleoplasm,ENSG00000070761,CFAP20,Q9Y6A4
nucleoplasm,ENSG00000183128,CALHM3,Q86XJ0
cytosol,ENSG00000169118,CSNK1G1,Q9HCP0
nucleoplasm,ENSG00000133878,DUSP26,Q9BV47
nucleoplasm,ENSG00000198105,ZNF248,Q8NDW4
cytosol,ENSG00000114416,FXR1,P51114
nucleoplasm,ENSG00000185104,FAF1,Q9UNN5
cytosol,ENSG00000204842,ATXN2,Q99700
cytosol,ENSG00000138757,G3BP2,Q9UN86
nucleoplasm,ENSG00000156304,SCAF4,O95104
cytosol,ENSG00000164022,AIMP1,Q12904
nucleoplasm,ENSG00000113761,ZNF346,Q9UL40
nucleoplasm,ENSG00000170345,FOS,P01100
nucleoplasm,ENSG00000136518,ACTL6A,O96019
cytosol,ENSG00000100288,CHKB,Q9Y259
cytosol,ENSG00000089154,GCN1,Q92616
cytosol,ENSG00000062598,ELMO2,Q96JJ3
cytosol,ENSG00000187792,ZNF70,Q9UC06
cytosol,ENSG00000168522,FNTA,P49354
cytosol,ENSG00000128342,LIF,P15018
nucleoplasm,ENSG00000168066,SF1,Q15637
cytosol,ENSG00000166681,NGFRAP1,Q00994
nucleoplasm,ENSG00000160408,ST6GALNAC6,Q969X2
nucleoplasm,ENSG00000159692,CTBP1,Q13363
cytosol,ENSG00000111716,LDHB,P07195
nucleoplasm,ENSG00000106400,ZNHIT1,O43257
cytosol,ENSG00000108091,CCDC6,Q16204
cytosol,ENSG00000138698,RAP1GDS1,P52306
cytosol,ENSG00000008226,DLEC1,Q9Y238
nucleoplasm,ENSG00000042493,CAPG,P40121
cytosol,ENSG00000106305,AIMP2,Q13155
cytosol,ENSG00000142156,COL6A1,P12109
nucleoplasm,ENSG00000171223,JUNB,P17275
nucleoplasm,ENSG00000118260,CREB1,P16220
nucleoplasm,ENSG00000177565,TBL1XR1,Q9BZK7
nucleoplasm,ENSG00000127399,LRRC61,Q9BV99
cytosol,ENSG00000177409,SAMD9L,Q8IVG5
cytosol,ENSG00000049246,PER3,P56645
nucleoplasm,ENSG00000006744,ELAC2,Q9BQ52
nucleoplasm,ENSG00000005007,UPF1,Q92900
nucleoplasm,ENSG00000198160,MIER1,Q8N108
cytosol,ENSG00000128578,STRIP2,Q9ULQ0
cytosol,ENSG00000204178,TMEM57,Q8N5G2
nucleoplasm,ENSG00000164985,PSIP1,O75475
cytosol,ENSG00000106605,BLVRA,P53004
cytosol,ENSG00000171174,RBKS,Q9H477
cytosol,ENSG00000048828,FAM120A,Q9NZB2
nucleoplasm,ENSG00000157741,UBN2,Q6ZU65
cytosol,ENSG00000100106,TRIOBP,Q9H2D6
cytosol,ENSG00000170776,AKAP13,Q12802
nucleoplasm,ENSG00000162775,RBM15,Q96T37
cytosol,ENSG00000161048,NAPEPLD,Q6IQ20
nucleoplasm,ENSG00000158941,CCAR2,Q8N163
nucleoplasm,ENSG00000112208,BAG2,O95816
nucleoplasm,ENSG00000184924,PTRHD1,Q6GMV3
cytosol,ENSG00000170946,DNAJC24,
nucleoplasm,ENSG00000108654,DDX5,P17844
nucleoplasm,ENSG00000164754,RAD21,O60216
nucleoplasm,ENSG00000166016,ABTB2,Q8N961
cytosol,ENSG00000184545,DUSP8,Q13202
nucleoplasm,ENSG00000178295,GEN1,Q17RS7
nucleoplasm,ENSG00000204947,ZNF425,Q6IV72
nucleoplasm,ENSG00000128607,KLHDC10,Q6PID8
cytosol,ENSG00000106608,URGCP,Q8TCY9
cytosol,ENSG00000091128,LAMB4,A4D0S4
nucleoplasm,ENSG00000188986,NELFB,Q8WX92
nucleoplasm,ENSG00000158525,CPA5,Q8WXQ8
nucleoplasm,ENSG00000111266,DUSP16,Q9BY84
nucleoplasm,ENSG00000138375,SMARCAL1,Q9NZC9
nucleoplasm,ENSG00000148153,INIP,Q9NRY2
cytosol,ENSG00000146858,ZC3HAV1L,Q96H79
nucleoplasm,ENSG00000101349,PAK7,Q9P286
nucleoplasm,ENSG00000155636,RBM45,Q8IUH3
cytosol,ENSG00000061676,NCKAP1,Q9Y2A7
cytosol,ENSG00000115866,DARS,P14868
cytosol,ENSG00000197776,KLHDC1,Q8N7A1
cytosol,ENSG00000222011,FAM185A,Q8N0U4
nucleoplasm,ENSG00000107371,EXOSC3,Q9NQT5
nucleoplasm,ENSG00000205085,FAM71F2,Q6NXP2
cytosol,ENSG00000134996,OSTF1,Q92882
cytosol,ENSG00000142864,SERBP1,Q8NC51
cytosol,ENSG00000127080,IPPK,Q9H8X2
cytosol,ENSG00000135248,FAM71F1,Q96KD3
cytosol,ENSG00000126453,BCL2L12,Q9HB09
nucleoplasm,ENSG00000139154,AEBP2,Q6ZN18
nucleoplasm,ENSG00000159915,ZNF233,A6NK53
cytosol,ENSG00000108786,HSD17B1,P14061
cytosol,ENSG00000166147,FBN1,P35555
cytosol,ENSG00000115687,PASK,Q96RG2
nucleoplasm,ENSG00000151612,ZNF827,Q17R98
cytosol,ENSG00000106993,CDC37L1,Q7L3B6
cytosol,ENSG00000167112,TRUB2,O95900
nucleoplasm,ENSG00000139613,SMARCC2,Q8TAQ2
cytosol,ENSG00000240230,COX19,Q49B96
cytosol,ENSG00000157653,C9orf43,Q8TAL5
nucleoplasm,ENSG00000109118,PHF12,Q96QT6
cytosol,ENSG00000278259,MYO19,Q96H55
cytosol,ENSG00000141279,NPEPPS,P55786
nucleoplasm,ENSG00000133195,SLC39A11,Q8N1S5
nucleoplasm,ENSG00000028310,BRD9,Q9H8M2
cytosol,ENSG00000141985,SH3GL1,Q99961
cytosol,ENSG00000184792,OSBP2,Q969R2
nucleoplasm,ENSG00000173875,ZNF791,Q3KP31
nucleoplasm,ENSG00000205189,ZBTB10,Q96DT7
nucleoplasm,ENSG00000176994,SMCR8,Q8TEV9
nucleoplasm,ENSG00000181222,POLR2A,P24928
nucleoplasm,ENSG00000166716,ZNF592,Q92610
nucleoplasm,ENSG00000136813,KIAA0368,Q5VYK3
nucleoplasm,ENSG00000159259,CHAF1B,Q13112
cytosol,ENSG00000137073,UBAP2,Q5T6F2
nucleoplasm,ENSG00000184863,RBM33,Q96EV2
nucleoplasm,ENSG00000127993,RBM48,Q5RL73
cytosol,ENSG00000139726,DENR,O43583
nucleoplasm,ENSG00000108559,NUP88,Q99567
cytosol,ENSG00000148356,LRSAM1,Q6UWE0
nucleoplasm,ENSG00000141543,EIF4A3,P38919
cytosol,ENSG00000141294,LRRC46,Q96FV0
nucleoplasm,ENSG00000167011,NAT16,Q8N8M0
cytosol,ENSG00000116791,CRYZ,Q08257
nucleoplasm,ENSG00000157680,DGKI,O75912
cytosol,ENSG00000083454,P2RX5,Q93086
cytosol,ENSG00000109089,CDR2L,Q86X02
nucleoplasm,ENSG00000006282,SPATA20,Q8TB22
nucleoplasm,ENSG00000124813,RUNX2,Q13950
cytosol,ENSG00000135766,EGLN1,Q9GZT9
nucleoplasm,ENSG00000115966,ATF2,P15336
cytosol,ENSG00000108381,ASPA,P45381
nucleoplasm,ENSG00000115252,PDE1A,P54750
cytosol,ENSG00000131711,MAP1B,P46821
nucleoplasm,ENSG00000148143,ZNF462,Q96JM2
cytosol,ENSG00000129167,TPH1,P17752
nucleoplasm,ENSG00000121104,FAM117A,Q9C073
nucleoplasm,ENSG00000138867,GUCD1,Q96NT3
nucleoplasm,ENSG00000188895,MSL1,Q68DK7
cytosol,ENSG00000125877,ITPA,Q9BY32
nucleoplasm,ENSG00000184619,KRBA2,Q6ZNG9
nucleoplasm,ENSG00000108387,04-sep,O43236
cytosol,ENSG00000167183,PRR15L,Q9BU68
cytosol,ENSG00000018189,RUFY3,Q7L099
cytosol,ENSG00000129245,FXR2,P51116
nucleoplasm,ENSG00000167716,WDR81,Q562E7
nucleoplasm,ENSG00000198795,ZNF521,Q96K83
nucleoplasm,ENSG00000173894,CBX2,Q14781
cytosol,ENSG00000120915,EPHX2,P34913
cytosol,ENSG00000147677,EIF3H,O15372
cytosol,ENSG00000104722,NEFM,P07197
cytosol,ENSG00000170921,TANC2,Q9HCD6
cytosol,ENSG00000170291,ELP5,Q8TE02
cytosol,ENSG00000171953,ATPAF2,Q8N5M1
cytosol,ENSG00000188522,FAM83G,A6ND36
cytosol,ENSG00000180329,CCDC43,Q96MW1
cytosol,ENSG00000135686,KLHL36,Q8N4N3
nucleoplasm,ENSG00000186017,ZNF566,Q969W8
cytosol,ENSG00000167377,ZNF23,P17027
cytosol,ENSG00000275066,SYNRG,Q9UMZ2
cytosol,ENSG00000175029,CTBP2,P56545
cytosol,ENSG00000164134,NAA15,Q9BXJ9
nucleoplasm,ENSG00000130222,GADD45G,O95257
cytosol,ENSG00000125458,NT5C,Q8TCD5
cytosol,ENSG00000020129,NCDN,Q9UBB6
nucleoplasm,ENSG00000163348,PYGO2,Q9BRQ0
nucleoplasm,ENSG00000146670,CDCA5,Q96FF9
cytosol,ENSG00000104450,SPAG1,Q07617
nucleoplasm,ENSG00000133704,IPO8,O15397
nucleoplasm,ENSG00000005700,IBTK,Q9P2D0
nucleoplasm,ENSG00000140743,CDR2,Q01850
cytosol,ENSG00000133138,TBC1D8B,Q0IIM8
nucleoplasm,ENSG00000177125,ZBTB34,Q8NCN2
nucleoplasm,ENSG00000171408,PDE7B,Q9NP56
cytosol,ENSG00000179477,ALOX12B,O75342
nucleoplasm,ENSG00000172466,ZNF24,P17028
nucleoplasm,ENSG00000119125,GDA,Q9Y2T3
nucleoplasm,ENSG00000180347,CCDC129,Q6ZRS4
nucleoplasm,ENSG00000091127,PUS7,Q96PZ0
cytosol,ENSG00000155313,USP25,Q9UHP3
nucleoplasm,ENSG00000163666,HESX1,Q9UBX0
nucleoplasm,ENSG00000105875,WDR91,A4D1P6
nucleoplasm,ENSG00000164684,ZNF704,Q6ZNC4
nucleoplasm,ENSG00000158106,RHPN1,Q8TCX5
nucleoplasm,ENSG00000001460,STPG1,Q5TH74
nucleoplasm,ENSG00000121413,ZSCAN18,Q8TBC5
nucleoplasm,ENSG00000099783,HNRNPM,P52272
nucleoplasm,ENSG00000173473,SMARCC1,Q92922
nucleoplasm,ENSG00000196284,SUPT3H,O75486
nucleoplasm,ENSG00000136982,DSCC1,Q9BVC3
cytosol,ENSG00000162909,CAPN2,P17655
cytosol,ENSG00000180921,FAM83H,Q6ZRV2
cytosol,ENSG00000136193,SCRN1,Q12765
nucleoplasm,ENSG00000108094,CUL2,Q13617
cytosol,ENSG00000058085,LAMC2,Q13753
cytosol,ENSG00000188523,CFAP77,Q6ZQR2
nucleoplasm,ENSG00000104728,ARHGEF10,O15013
cytosol,ENSG00000171431,KRT20,P35900
cytosol,ENSG00000168481,LGI3,Q8N145
nucleoplasm,ENSG00000167447,SMG8,Q8ND04
nucleoplasm,ENSG00000164983,TMEM65,Q6PI78
cytosol,ENSG00000075151,EIF4G3,O43432
nucleoplasm,ENSG00000265817,FSBP,O95073
nucleoplasm,ENSG00000037637,FBXO42,Q6P3S6
nucleoplasm,ENSG00000010072,SPRTN,Q9H040
cytosol,ENSG00000118508,RAB32,Q13637
nucleoplasm,ENSG00000118482,PHF3,Q92576
nucleoplasm,ENSG00000160957,RECQL4,
nucleoplasm,ENSG00000043143,JADE2,Q9NQC1
nucleoplasm,ENSG00000167766,ZNF83,P51522
nucleoplasm,ENSG00000198300,PEG3,Q9GZU2
nucleoplasm,ENSG00000125944,HNRNPR,O43390
nucleoplasm,ENSG00000094631,HDAC6,Q9UBN7
nucleoplasm,ENSG00000126067,PSMB2,P49721
nucleoplasm,ENSG00000136383,ALPK3,Q96L96
cytosol,ENSG00000111665,CDCA3,Q99618
nucleoplasm,ENSG00000119772,DNMT3A,Q9Y6K1
cytosol,ENSG00000102445,KIAA0226L,Q9H714
nucleoplasm,ENSG00000147854,UHRF2,Q96PU4
nucleoplasm,ENSG00000263001,GTF2I,P78347
nucleoplasm,ENSG00000183888,C1orf64,Q8NEQ6
nucleoplasm,ENSG00000106628,POLD2,P49005
cytosol,ENSG00000171103,TRMT61B,Q9BVS5
cytosol,ENSG00000188732,FAM221A,A4D161
nucleoplasm,ENSG00000117691,NENF,Q9UMX5
cytosol,ENSG00000136011,STAB2,Q8WWQ8
nucleoplasm,ENSG00000169193,CCDC126,Q96EE4
cytosol,ENSG00000120820,GLT8D2,Q9H1C3
cytosol,ENSG00000164096,C4orf3,Q8WVX3
nucleoplasm,ENSG00000159596,TMEM69,Q5SWH9
cytosol,ENSG00000105141,CASP14,P31944
cytosol,ENSG00000142512,SIGLEC10,Q96LC7
nucleoplasm,ENSG00000120278,PLEKHG1,Q9ULL1
nucleoplasm,ENSG00000120539,MASTL,Q96GX5
cytosol,ENSG00000117148,ACTL8,Q9H568
cytosol,ENSG00000090273,NUDC,Q9Y266
cytosol,ENSG00000116285,ERRFI1,Q9UJM3
nucleoplasm,ENSG00000173681,CXorf23,A2AJT9
cytosol,ENSG00000090621,PABPC4,Q13310
nucleoplasm,ENSG00000156345,CDK20,Q8IZL9
cytosol,ENSG00000006611,USH1C,Q9Y6N9
nucleoplasm,ENSG00000130772,MED18,Q9BUE0
cytosol,ENSG00000116903,EXOC8,Q8IYI6
nucleoplasm,ENSG00000198208,RPS6KL1,Q9Y6S9
cytosol,ENSG00000163482,STK36,Q9NRP7
cytosol,ENSG00000124713,GNMT,Q14749
nucleoplasm,ENSG00000186141,POLR3C,Q9BUI4
cytosol,ENSG00000169224,GCSAML,Q5JQS6
nucleoplasm,ENSG00000114026,OGG1,O15527
nucleoplasm,ENSG00000136451,VEZF1,Q14119
cytosol,ENSG00000077044,DGKD,Q16760
nucleoplasm,ENSG00000109705,NKX3-2,P78367
nucleoplasm,ENSG00000187147,RNF220,Q5VTB9
cytosol,ENSG00000129048,ACKR4,Q9NPB9
nucleoplasm,ENSG00000110092,CCND1,P24385
nucleoplasm,ENSG00000197852,FAM212B,Q9NTI7
nucleoplasm,ENSG00000168264,IRF2BP2,Q7Z5L9
cytosol,ENSG00000066654,THUMPD1,Q9NXG2
nucleoplasm,ENSG00000083097,DOPEY1,Q5JWR5
cytosol,ENSG00000110395,CBL,P22681
nucleoplasm,ENSG00000137996,RTCA,O00442
nucleoplasm,ENSG00000171060,C8orf74,Q6P047
nucleoplasm,ENSG00000082701,GSK3B,P49841
nucleoplasm,ENSG00000163155,LYSMD1,Q96S90
cytosol,ENSG00000004660,CAMKK1,Q8N5S9
cytosol,"ENSG00000142789,ENSG00000219073","CELA3A,CELA3B","P09093,P08861"
nucleoplasm,ENSG00000004897,CDC27,P30260
nucleoplasm,ENSG00000132780,NASP,P49321
cytosol,ENSG00000143740,SNAP47,Q5SQN1
nucleoplasm,ENSG00000158716,DUSP23,Q9BVJ7
nucleoplasm,ENSG00000122180,MYOG,P15173
nucleoplasm,ENSG00000162607,USP1,O94782
cytosol,ENSG00000157330,C1orf158,Q8N1D5
nucleoplasm,ENSG00000168874,ATOH8,Q96SQ7
cytosol,ENSG00000143363,PRUNE,Q86TP1
cytosol,ENSG00000163431,LMOD1,P29536
nucleoplasm,ENSG00000132881,RSG1,Q9BU20
nucleoplasm,ENSG00000160741,CRTC2,Q53ET0
cytosol,ENSG00000127129,EDN2,P20800
nucleoplasm,ENSG00000142856,ITGB3BP,Q13352
cytosol,ENSG00000160753,RUSC1,Q9BVN2
nucleoplasm,ENSG00000105204,DYRK1B,Q9Y463
cytosol,ENSG00000142920,AZIN2,Q96A70
nucleoplasm,ENSG00000188786,MTF1,Q14872
cytosol,ENSG00000243710,CFAP57,Q96MR6
cytosol,ENSG00000143256,PFDN2,Q9UHV9
cytosol,ENSG00000007923,DNAJC11,Q9NVH1
nucleoplasm,ENSG00000100068,LRP5L,A4QPB2
cytosol,ENSG00000173281,PPP1R3B,Q86XI6
cytosol,ENSG00000204084,INPP5B,P32019
cytosol,ENSG00000150893,FREM2,Q5SZK8
nucleoplasm,ENSG00000112200,ZNF451,Q9Y4E5
nucleoplasm,ENSG00000198040,ZNF84,P51523
nucleoplasm,ENSG00000182247,UBE2E2,Q96LR5
cytosol,ENSG00000129562,DAD1,P61803
nucleoplasm,ENSG00000100410,PHF5A,Q7RTV0
nucleoplasm,ENSG00000103241,FOXF1,Q12946
cytosol,ENSG00000137474,MYO7A,Q13402
nucleoplasm,ENSG00000048052,HDAC9,Q9UKV0
nucleoplasm,ENSG00000273841,TAF9,Q16594
nucleoplasm,ENSG00000085999,RAD54L,Q92698
cytosol,ENSG00000150977,RILPL2,Q969X0
cytosol,ENSG00000042286,AIFM2,Q9BRQ8
nucleoplasm,ENSG00000167384,ZNF180,Q9UJW8
nucleoplasm,ENSG00000119866,BCL11A,Q9H165
nucleoplasm,ENSG00000010030,ETV7,Q9Y603
nucleoplasm,ENSG00000112029,FBXO5,Q9UKT4
nucleoplasm,ENSG00000177853,ZNF518A,Q6AHZ1
cytosol,ENSG00000185189,NRBP2,Q9NSY0
nucleoplasm,ENSG00000178338,ZNF354B,Q96LW1
nucleoplasm,ENSG00000171634,BPTF,Q12830
nucleoplasm,ENSG00000130988,RGN,Q15493
cytosol,ENSG00000198862,LTN1,O94822
nucleoplasm,ENSG00000105997,HOXA3,O43365
nucleoplasm,ENSG00000131100,ATP6V1E1,P36543
cytosol,ENSG00000163904,SENP2,Q9HC62
nucleoplasm,ENSG00000196235,SUPT5H,O00267
nucleoplasm,ENSG00000123505,AMD1,P17707
nucleoplasm,ENSG00000267041,ZNF850,A8MQ14
cytosol,ENSG00000075234,TTC38,Q5R3I4
nucleoplasm,ENSG00000023608,SNAPC1,Q16533
nucleoplasm,ENSG00000144028,SNRNP200,O75643
nucleoplasm,ENSG00000130818,ZNF426,Q9BUY5
cytosol,ENSG00000165219,GAPVD1,Q14C86
nucleoplasm,ENSG00000156802,ATAD2,Q6PL18
cytosol,ENSG00000115661,STK16,O75716
nucleoplasm,ENSG00000198556,ZNF789,Q5FWF6
cytosol,ENSG00000067225,PKM,P14618
cytosol,ENSG00000146733,PSPH,P78330
nucleoplasm,ENSG00000119042,SATB2,Q9UPW6
nucleoplasm,ENSG00000176092,AIM1L,Q8N1P7
nucleoplasm,ENSG00000008018,PSMB1,P20618
cytosol,ENSG00000272031,ANKRD34A,Q69YU3
cytosol,ENSG00000187997,C17orf99,Q6UX52
cytosol,ENSG00000100321,SYNGR1,O43759
cytosol,ENSG00000164494,PDSS2,Q86YH6
nucleoplasm,ENSG00000116478,HDAC1,Q13547
nucleoplasm,ENSG00000107485,GATA3,P23771
cytosol,ENSG00000198796,ALPK2,Q86TB3
cytosol,ENSG00000196305,IARS,P41252
nucleoplasm,ENSG00000120738,EGR1,P18146
cytosol,ENSG00000136628,EPRS,P07814
nucleoplasm,ENSG00000125618,PAX8,Q06710
nucleoplasm,ENSG00000156265,MAP3K7CL,P57077
cytosol,ENSG00000131236,CAP1,Q01518
nucleoplasm,ENSG00000143450,OAZ3,Q9UMX2
nucleoplasm,ENSG00000137218,FRS3,O43559
cytosol,ENSG00000189410,SH2D5,Q6ZV89
nucleoplasm,ENSG00000183814,LIN9,Q5TKA1
cytosol,ENSG00000069956,MAPK6,Q16659
nucleoplasm,ENSG00000061455,PRDM6,Q9NQX0
nucleoplasm,ENSG00000146281,PM20D2,Q8IYS1
cytosol,ENSG00000103197,TSC2,P49815
cytosol,ENSG00000108039,XPNPEP1,Q9NQW7
nucleoplasm,ENSG00000048140,TSPAN17,Q96FV3
nucleoplasm,ENSG00000111875,ASF1A,Q9Y294
cytosol,ENSG00000112308,C6orf62,Q9GZU0
cytosol,ENSG00000120784,ZFP30,Q9Y2G7
cytosol,ENSG00000103316,CRYM,Q14894
nucleoplasm,ENSG00000147180,ZNF711,Q9Y462
nucleoplasm,ENSG00000158796,DEDD,O75618
nucleoplasm,ENSG00000177602,GSG2,Q8TF76
cytosol,ENSG00000138658,ZGRF1,Q86YA3
nucleoplasm,ENSG00000198046,ZNF667,Q5HYK9
cytosol,ENSG00000134057,CCNB1,P14635
nucleoplasm,ENSG00000133997,MED6,O75586
nucleoplasm,ENSG00000158169,FANCC,Q00597
cytosol,ENSG00000213585,VDAC1,P21796
nucleoplasm,ENSG00000167281,RBFOX3,A6NFN3
cytosol,ENSG00000142675,CNKSR1,Q969H4
cytosol,ENSG00000186051,TAL2,Q16559
nucleoplasm,ENSG00000249481,SPATS1,Q496A3
nucleoplasm,ENSG00000157617,C2CD2,Q9Y426
nucleoplasm,ENSG00000035115,SH3YL1,Q96HL8
nucleoplasm,ENSG00000004700,RECQL,P46063
cytosol,ENSG00000107175,CREB3,O43889
cytosol,ENSG00000084693,AGBL5,Q8NDL9
nucleoplasm,ENSG00000171453,POLR1C,O15160
nucleoplasm,ENSG00000251192,ZNF674,Q2M3X9
nucleoplasm,ENSG00000166484,MAPK7,Q13164
nucleoplasm,ENSG00000112511,PHF1,O43189
cytosol,ENSG00000198932,GPRASP1,Q5JY77
cytosol,ENSG00000149100,EIF3M,Q7L2H7
cytosol,ENSG00000100994,PYGB,P11216
nucleoplasm,ENSG00000096060,FKBP5,Q13451
nucleoplasm,ENSG00000221955,SLC12A8,A0AV02
nucleoplasm,ENSG00000111877,MCM9,Q9NXL9
cytosol,ENSG00000124749,COL21A1,Q96P44
nucleoplasm,ENSG00000178163,ZNF518B,Q9C0D4
cytosol,ENSG00000241127,YAE1D1,Q9NRH1
nucleoplasm,ENSG00000165097,KDM1B,Q8NB78
nucleoplasm,ENSG00000186020,ZNF529,Q6P280
cytosol,ENSG00000197128,ZNF772,Q68DY9
nucleoplasm,ENSG00000184887,BTBD6,Q96KE9
cytosol,ENSG00000124772,CPNE5,Q9HCH3
cytosol,ENSG00000085377,PREP,P48147
nucleoplasm,ENSG00000243943,ZNF512,Q96ME7
nucleoplasm,ENSG00000025156,HSF2,Q03933
nucleoplasm,ENSG00000141570,CBX8,Q9HC52
cytosol,ENSG00000154734,ADAMTS1,Q9UHI8
cytosol,ENSG00000137269,LRRC1,Q9BTT6
nucleoplasm,ENSG00000111676,ATN1,P54259
cytosol,ENSG00000155363,MOV10,Q9HCE1
nucleoplasm,ENSG00000134086,VHL,P40337
nucleoplasm,ENSG00000100918,REC8,O95072
nucleoplasm,ENSG00000137413,TAF8,Q7Z7C8
nucleoplasm,ENSG00000124535,WRNIP1,Q96S55
nucleoplasm,ENSG00000100625,SIX4,Q9UIU6
nucleoplasm,ENSG00000111653,ING4,Q9UNL4
cytosol,ENSG00000115514,TXNDC9,O14530
nucleoplasm,ENSG00000183431,SF3A3,Q12874
nucleoplasm,ENSG00000162755,KLHDC9,Q8NEP7
cytosol,ENSG00000160285,LSS,P48449
nucleoplasm,ENSG00000170430,MGMT,P16455
cytosol,ENSG00000139826,ABHD13,Q7L211
nucleoplasm,ENSG00000198728,LDB1,Q86U70
nucleoplasm,ENSG00000141086,CTRL,P40313
cytosol,ENSG00000168209,DDIT4,Q9NX09
cytosol,ENSG00000198075,SULT1C4,O75897
nucleoplasm,ENSG00000005302,MSL3,Q8N5Y2
nucleoplasm,ENSG00000153779,TGIF2LX,Q8IUE1
nucleoplasm,ENSG00000119778,ATAD2B,Q9ULI0
cytosol,ENSG00000138316,ADAMTS14,Q8WXS8
nucleoplasm,ENSG00000171004,HS6ST2,Q96MM7
cytosol,ENSG00000185838,GNB1L,Q9BYB4
nucleoplasm,ENSG00000169621,APLF,Q8IW19
nucleoplasm,ENSG00000143970,ASXL2,Q76L83
nucleoplasm,ENSG00000144524,COPS7B,Q9H9Q2
nucleoplasm,ENSG00000153157,SYCP2L,Q5T4T6
cytosol,ENSG00000115841,RMDN2,Q96LZ7
nucleoplasm,ENSG00000088247,KHSRP,Q92945
cytosol,ENSG00000198520,C1orf228,Q6PIY5
nucleoplasm,ENSG00000168883,USP39,Q53GS9
nucleoplasm,ENSG00000115128,SF3B6,Q9Y3B4
cytosol,ENSG00000060138,YBX3,P16989
nucleoplasm,ENSG00000159256,MORC3,Q14149
nucleoplasm,ENSG00000125122,LRRC29,Q8WV35
nucleoplasm,ENSG00000163029,SMC6,Q96SB8
cytosol,ENSG00000124659,TBCC,Q15814
cytosol,ENSG00000065308,TRAM2,Q15035
cytosol,ENSG00000213139,CRYGS,P22914
cytosol,ENSG00000145819,ARHGAP26,Q9UNA1
nucleoplasm,ENSG00000177138,FAM9B,Q8IZU0
cytosol,ENSG00000073792,IGF2BP2,Q9Y6M1
nucleoplasm,ENSG00000144840,RABL3,Q5HYI8
nucleoplasm,ENSG00000163806,SPDYA,Q5MJ70
nucleoplasm,ENSG00000253729,PRKDC,P78527
nucleoplasm,ENSG00000077713,SLC25A43,Q8WUT9
cytosol,ENSG00000115970,THADA,Q6YHU6
nucleoplasm,ENSG00000135100,HNF1A,
nucleoplasm,ENSG00000121988,ZRANB3,Q5FWF4
nucleoplasm,ENSG00000170634,ACYP2,P14621
nucleoplasm,ENSG00000189195,BTBD8,
nucleoplasm,ENSG00000243667,WDR92,Q96MX6
cytosol,ENSG00000119865,CNRIP1,Q96F85
nucleoplasm,ENSG00000100023,PPIL2,Q13356
nucleoplasm,ENSG00000138231,DBR1,Q9UK59
nucleoplasm,ENSG00000198909,MAP3K3,Q99759
cytosol,ENSG00000123600,METTL8,
nucleoplasm,ENSG00000161217,PCYT1A,P49585
nucleoplasm,ENSG00000143891,GALM,Q96C23
nucleoplasm,ENSG00000168016,TRANK1,O15050
nucleoplasm,ENSG00000144591,GMPPA,Q96IJ6
nucleoplasm,ENSG00000115241,PPM1G,O15355
nucleoplasm,ENSG00000163320,CGGBP1,Q9UFW8
nucleoplasm,ENSG00000168137,SETD5,Q9C0A6
cytosol,ENSG00000147255,IGSF1,Q8N6C5
nucleoplasm,ENSG00000213079,SCAF8,Q9UPN6
nucleoplasm,ENSG00000105258,POLR2I,P36954
cytosol,ENSG00000072832,CRMP1,Q14194
cytosol,ENSG00000144596,GRIP2,
nucleoplasm,ENSG00000124787,RPP40,O75818
nucleoplasm,ENSG00000139651,ZNF740,Q8NDX6
cytosol,ENSG00000172824,CES4A,Q5XG92
cytosol,ENSG00000144034,TPRKB,Q9Y3C4
cytosol,ENSG00000111897,SERINC1,Q9NRX5
cytosol,ENSG00000119574,ZBTB45,Q96K62
cytosol,ENSG00000251664,PCDHA12,Q9UN75
nucleoplasm,ENSG00000099284,H2AFY2,Q9P0M6
nucleoplasm,ENSG00000118579,MED28,Q9H204
nucleoplasm,ENSG00000156463,SH3RF2,Q8TEC5
nucleoplasm,ENSG00000019102,VSIG2,Q96IQ7
cytosol,ENSG00000130449,ZSWIM6,Q9HCJ5
nucleoplasm,ENSG00000130997,POLN,Q7Z5Q5
cytosol,ENSG00000112855,HARS2,P49590
nucleoplasm,ENSG00000108590,MED31,Q9Y3C7
nucleoplasm,ENSG00000214022,REPIN1,Q9BWE0
cytosol,ENSG00000164039,BDH2,Q9BUT1
cytosol,ENSG00000167106,FAM102A,Q5T9C2
cytosol,ENSG00000142002,DPP9,Q86TI2
nucleoplasm,ENSG00000162642,C1orf52,Q8N6N3
nucleoplasm,ENSG00000126767,ELK1,P19419
cytosol,ENSG00000128656,CHN1,P15882
cytosol,ENSG00000077279,DCX,O43602
nucleoplasm,ENSG00000163530,DPPA2,Q7Z7J5
nucleoplasm,ENSG00000163935,SFMBT1,Q9UHJ3
cytosol,ENSG00000114491,UMPS,P11172
nucleoplasm,ENSG00000158773,USF1,P22415
nucleoplasm,ENSG00000134013,LOXL2,Q9Y4K0
nucleoplasm,ENSG00000215440,NPEPL1,Q8NDH3
nucleoplasm,ENSG00000145743,FBXL17,Q9UF56
cytosol,ENSG00000071127,WDR1,O75083
cytosol,ENSG00000145375,SPATA5,Q8NB90
nucleoplasm,ENSG00000145337,PYURF,Q96I23
nucleoplasm,ENSG00000174611,KY,Q8NBH2
cytosol,ENSG00000152413,HOMER1,Q86YM7
nucleoplasm,ENSG00000184178,SCFD2,Q8WU76
cytosol,ENSG00000170445,HARS,P12081
nucleoplasm,ENSG00000120051,CFAP58,Q5T655
cytosol,ENSG00000113312,TTC1,Q99614
nucleoplasm,"ENSG00000015479,ENSG00000280987",MATR3,P43243
nucleoplasm,ENSG00000177733,HNRNPA0,Q13151
cytosol,ENSG00000164164,OTUD4,Q01804
nucleoplasm,ENSG00000259956,RBM15B,Q8NDT2
nucleoplasm,ENSG00000109814,UGDH,O60701
cytosol,ENSG00000124181,PLCG1,P19174
cytosol,ENSG00000121964,GTDC1,Q4AE62
nucleoplasm,ENSG00000154556,SORBS2,O94875
nucleoplasm,ENSG00000163623,NKX6-1,P78426
cytosol,ENSG00000197603,C5orf42,Q9H799
cytosol,ENSG00000115137,DNAJC27,Q9NZQ0
nucleoplasm,ENSG00000154814,OXNAD1,Q96HP4
cytosol,ENSG00000164163,ABCE1,P61221
nucleoplasm,ENSG00000090316,MAEA,Q7L5Y9
cytosol,ENSG00000170871,KIAA0232,Q92628
nucleoplasm,ENSG00000112984,KIF20A,O95235
cytosol,ENSG00000172053,QARS,P47897
nucleoplasm,ENSG00000157152,SYN2,
cytosol,ENSG00000151611,MMAA,Q8IVH4
nucleoplasm,ENSG00000038219,BOD1L1,Q8NFC6
nucleoplasm,ENSG00000039123,SKIV2L2,P42285
cytosol,ENSG00000184182,UBE2F,Q969M7
nucleoplasm,ENSG00000145216,FIP1L1,Q6UN15
nucleoplasm,ENSG00000134453,RBM17,Q96I25
nucleoplasm,ENSG00000184465,WDR27,A2RRH5
nucleoplasm,ENSG00000047315,POLR2B,P30876
cytosol,ENSG00000203797,DDO,Q99489
cytosol,ENSG00000088538,DOCK3,Q8IZD9
nucleoplasm,ENSG00000163714,U2SURP,O15042
nucleoplasm,ENSG00000156990,RPUSD3,Q6P087
nucleoplasm,ENSG00000054965,FAM168A,Q92567
nucleoplasm,ENSG00000011405,PIK3C2A,O00443
nucleoplasm,ENSG00000086475,SEPHS1,P49903
cytosol,ENSG00000136560,TANK,Q92844
nucleoplasm,ENSG00000198218,QRICH1,Q2TAL8
cytosol,ENSG00000189319,FAM53B,Q14153
nucleoplasm,ENSG00000165338,HECTD2,Q5U5R9
cytosol,ENSG00000178996,SNX18,Q96RF0
cytosol,ENSG00000166295,ANAPC16,Q96DE5
nucleoplasm,ENSG00000037474,NSUN2,Q08J23
nucleoplasm,ENSG00000148606,POLR3A,O14802
cytosol,ENSG00000180644,PRF1,P14222
cytosol,ENSG00000180834,MAP6D1,Q9H9H5
nucleoplasm,ENSG00000145388,METTL14,Q9HCE5
nucleoplasm,ENSG00000143801,PSEN2,P49810
cytosol,ENSG00000178597,PSAPL1,Q6NUJ1
nucleoplasm,ENSG00000171813,PWWP2B,Q6NUJ5
nucleoplasm,ENSG00000084710,EFR3B,Q9Y2G0
nucleoplasm,ENSG00000197748,CFAP43,Q8NDM7
nucleoplasm,ENSG00000204175,GPRIN2,O60269
nucleoplasm,ENSG00000115368,WDR75,Q8IWA0
nucleoplasm,ENSG00000091010,POU4F3,Q15319
nucleoplasm,ENSG00000152133,GPATCH11,Q8N954
nucleoplasm,ENSG00000096746,HNRNPH3,P31942
cytosol,ENSG00000145692,BHMT,Q93088
cytosol,ENSG00000005175,RPAP3,Q9H6T3
cytosol,ENSG00000067248,DHX29,Q7Z478
nucleoplasm,ENSG00000137656,BUD13,Q9BRD0
nucleoplasm,ENSG00000197283,SYNGAP1,Q96PV0
nucleoplasm,ENSG00000137720,C11orf1,Q9H5F2
nucleoplasm,ENSG00000203780,FANK1,Q8TC84
cytosol,ENSG00000257727,CNPY2,Q9Y2B0
nucleoplasm,ENSG00000148840,PPRC1,Q5VV67
cytosol,ENSG00000172890,NADSYN1,Q6IA69
nucleoplasm,ENSG00000149292,TTC12,Q9H892
cytosol,ENSG00000084110,HAL,P42357
nucleoplasm,ENSG00000109911,ELP4,Q96EB1
cytosol,ENSG00000154114,TBCEL,Q5QJ74
cytosol,ENSG00000136003,ISCU,Q9H1K1
nucleoplasm,ENSG00000139637,C12orf10,Q9HB07
cytosol,ENSG00000123352,SPATS2,Q86XZ4
nucleoplasm,ENSG00000139719,VPS33A,Q96AX1
nucleoplasm,ENSG00000139714,MORN3,Q6PF18
nucleoplasm,ENSG00000110057,UNC93B1,Q9H1C4
nucleoplasm,ENSG00000172425,TTC36,A6NLP5
nucleoplasm,ENSG00000114767,RRP9,O43818
cytosol,ENSG00000044574,HSPA5,P11021
cytosol,ENSG00000174989,FBXW8,Q8N3Y1
cytosol,"ENSG00000104818,ENSG00000104826,ENSG00000104827,ENSG00000189052,ENSG00000196337,ENSG00000213030,ENSG00000267335,ENSG00000267631","CGB2,LHB,CGB,CGB5,CGB7,CGB8,CTB-60B18.6,CGB1","P01229,P0DN86,P0DN87,A6NKQ9"
cytosol,"ENSG00000104818,ENSG00000104826,ENSG00000104827,ENSG00000189052,ENSG00000196337,ENSG00000213030,ENSG00000267631","CGB2,LHB,CGB,CGB5,CGB7,CGB8,CGB1","P01229,P0DN86,P0DN87,A6NKQ9"
cytosol,ENSG00000099204,ABLIM1,O14639
nucleoplasm,ENSG00000136159,NUDT15,Q9NV35
nucleoplasm,ENSG00000146083,RNF44,Q7L0R7
nucleoplasm,ENSG00000166788,SAAL1,Q96ER3
cytosol,ENSG00000160695,VPS11,Q9H270
cytosol,ENSG00000151948,GLT1D1,Q96MS3
nucleoplasm,ENSG00000187778,MCRS1,Q96EZ8
nucleoplasm,ENSG00000146267,FAXC,Q5TGI0
cytosol,ENSG00000138641,HERC3,Q15034
cytosol,ENSG00000007047,MARK4,Q96L34
nucleoplasm,ENSG00000149782,PLCB3,Q01970
cytosol,ENSG00000100526,CDKN3,Q16667
nucleoplasm,ENSG00000149761,NUDT22,Q9BRQ3
cytosol,ENSG00000142102,ATHL1,Q32M88
cytosol,ENSG00000140463,BBS4,Q96RK4
cytosol,ENSG00000150764,DIXDC1,Q155Q3
nucleoplasm,ENSG00000161800,RACGAP1,Q9H0H5
cytosol,ENSG00000133112,TPT1,P13693
nucleoplasm,ENSG00000108443,RPS6KB1,P23443
cytosol,ENSG00000158077,NLRP14,Q86W24
cytosol,ENSG00000149972,CNTN5,O94779
cytosol,ENSG00000165714,BORCS5,Q969J3
nucleoplasm,ENSG00000083642,PDS5B,Q9NTI5
nucleoplasm,ENSG00000173212,MAB21L3,Q8N8X9
nucleoplasm,ENSG00000185480,PARPBP,Q9NWS1
cytosol,ENSG00000156232,WHAMM,Q8TF30
cytosol,ENSG00000174370,C11orf45,Q8TAV5
cytosol,ENSG00000086015,MAST2,Q6P0Q8
cytosol,ENSG00000167994,RAB3IL1,Q8TBN0
nucleoplasm,ENSG00000176102,CSTF3,Q12996
cytosol,ENSG00000172766,NAA16,Q6N069
cytosol,ENSG00000173465,SSSCA1,O60232
nucleoplasm,ENSG00000204130,RUFY2,Q8WXA3
cytosol,ENSG00000170442,KRT86,O43790
nucleoplasm,ENSG00000087302,C14orf166,Q9Y224
nucleoplasm,ENSG00000163605,PPP4R2,Q9NY27
nucleoplasm,ENSG00000138286,FAM149B1,Q96BN6
nucleoplasm,ENSG00000138593,SECISBP2L,Q93073
cytosol,ENSG00000150776,C11orf57,Q6ZUT1
cytosol,ENSG00000137806,NDUFAF1,Q9Y375
cytosol,ENSG00000005810,MYCBP2,O75592
cytosol,ENSG00000125246,CLYBL,Q8N0X4
cytosol,ENSG00000167173,C15orf39,Q6ZRI6
nucleoplasm,ENSG00000001461,NIPAL3,Q6P499
cytosol,ENSG00000164506,STXBP5,Q5T5C0
cytosol,ENSG00000134440,NARS,O43776
nucleoplasm,ENSG00000091490,SEL1L3,Q68CR1
nucleoplasm,ENSG00000128645,HOXD1,Q9GZZ0
cytosol,ENSG00000258289,CHURC1,Q8WUH1
nucleoplasm,ENSG00000136104,RNASEH2B,Q5TBB1
cytosol,ENSG00000204381,LAYN,Q6UX15
cytosol,ENSG00000103942,HOMER2,Q9NSB8
cytosol,ENSG00000136111,TBC1D4,O60343
nucleoplasm,ENSG00000047346,FAM214A,Q32MH5
cytosol,ENSG00000142303,ADAMTS10,Q9H324
cytosol,ENSG00000140263,SORD,Q00796
nucleoplasm,ENSG00000151503,NCAPD3,P42695
nucleoplasm,ENSG00000198252,STYX,Q8WUJ0
cytosol,ENSG00000078237,TIGAR,Q9NQ88
cytosol,ENSG00000165899,OTOGL,Q3ZCN5
cytosol,ENSG00000077274,CAPN6,Q9Y6Q1
nucleoplasm,ENSG00000134330,IAH1,Q2TAA2
cytosol,ENSG00000152240,HAUS1,Q96CS2
nucleoplasm,ENSG00000021776,AQR,O60306
nucleoplasm,ENSG00000140400,MAN2C1,Q9NTJ4
nucleoplasm,ENSG00000179071,CCDC89,Q8N998
nucleoplasm,ENSG00000166321,NUDT13,Q86X67
nucleoplasm,ENSG00000151365,THRSP,Q92748
cytosol,ENSG00000121380,BCL2L14,Q9BZR8
nucleoplasm,ENSG00000099769,IGFALS,P35858
nucleoplasm,ENSG00000166503,RP11-382A20.3,Q9Y3E1
cytosol,ENSG00000147166,ITGB1BP2,Q9UKP3
cytosol,ENSG00000174013,FBXO45,P0C2W1
nucleoplasm,ENSG00000103067,ESRP2,Q9H6T0
nucleoplasm,ENSG00000166839,ANKDD1A,Q495B1
nucleoplasm,ENSG00000137770,CTDSPL2,Q05D32
cytosol,ENSG00000122299,ZC3H7A,Q8IWR0
cytosol,ENSG00000103599,IQCH,Q86VS3
cytosol,ENSG00000033170,FUT8,Q9BYC5
nucleoplasm,ENSG00000242372,EIF6,P56537
nucleoplasm,ENSG00000154845,PPP4R1,Q8TF05
nucleoplasm,ENSG00000104129,DNAJC17,Q9NVM6
cytosol,ENSG00000088682,COQ9,O75208
nucleoplasm,ENSG00000150667,FSIP1,Q8NA03
nucleoplasm,ENSG00000111445,RFC5,P40937
cytosol,ENSG00000110172,CHORDC1,Q9UHD1
cytosol,ENSG00000162390,ACOT11,Q8WXI4
nucleoplasm,ENSG00000166946,CCNDBP1,O95273
cytosol,ENSG00000103091,WDR59,Q6PJI9
cytosol,ENSG00000119333,WDR34,Q96EX3
cytosol,ENSG00000125818,PSMF1,Q92530
cytosol,ENSG00000130703,OSBPL2,Q9H1P3
nucleoplasm,ENSG00000140320,BAHD1,Q8TBE0
nucleoplasm,ENSG00000181938,GINS3,Q9BRX5
cytosol,ENSG00000121281,ADCY7,P51828
nucleoplasm,ENSG00000139899,CBLN3,Q6UW01
cytosol,ENSG00000137841,PLCB2,Q00722
cytosol,ENSG00000162104,ADCY9,O60503
cytosol,ENSG00000065427,KARS,Q15046
nucleoplasm,ENSG00000153406,NMRAL1,Q9HBL8
nucleoplasm,ENSG00000162076,FLYWCH2,Q96CP2
cytosol,ENSG00000103876,FAH,P16930
cytosol,ENSG00000196655,TRAPPC4,Q9Y296
nucleoplasm,ENSG00000058600,POLR3E,Q9NVU0
cytosol,ENSG00000105676,ARMC6,Q6NXE6
nucleoplasm,ENSG00000126261,UBA2,Q9UBT2
cytosol,ENSG00000125743,SNRPD2,P62316
cytosol,ENSG00000105398,SULT2A1,Q06520
cytosol,ENSG00000100505,TRIM9,Q9C026
cytosol,ENSG00000248712,CCDC153,Q494R4
cytosol,ENSG00000104866,PPP1R37,O75864
cytosol,ENSG00000168488,ATXN2L,Q8WWM7
cytosol,ENSG00000128050,PAICS,P22234
nucleoplasm,ENSG00000164808,SPIDR,Q14159
cytosol,ENSG00000087086,FTL,P02792
cytosol,ENSG00000113504,SLC12A7,Q9Y666
nucleoplasm,ENSG00000111049,MYF5,P13349
cytosol,ENSG00000105254,TBCB,Q99426
cytosol,ENSG00000010361,FUZ,Q9BT04
nucleoplasm,ENSG00000031003,FAM13B,Q9NYF5
nucleoplasm,ENSG00000160392,C19orf47,Q8N9M1
cytosol,ENSG00000187068,C3orf70,A6NLC5
cytosol,ENSG00000119698,PPP4R4,Q6NUP7
nucleoplasm,ENSG00000169612,FAM103A1,Q9BTL3
cytosol,ENSG00000142694,EVA1B,Q9NVM1
nucleoplasm,ENSG00000183826,BTBD9,Q96Q07
cytosol,ENSG00000061938,TNK2,Q07912
cytosol,ENSG00000188997,KCTD21,Q4G0X4
nucleoplasm,ENSG00000154059,IMPACT,Q9P2X3
nucleoplasm,ENSG00000142549,IGLON5,A6NGN9
cytosol,ENSG00000130811,EIF3G,O75821
cytosol,ENSG00000099331,MYO9B,Q13459
nucleoplasm,ENSG00000104852,SNRNP70,P08621
cytosol,ENSG00000132004,FBXW9,Q5XUX1
cytosol,"ENSG00000074211,ENSG00000156475,ENSG00000175470,ENSG00000221914","PPP2R2C,PPP2R2B,PPP2R2D,PPP2R2A","Q9Y2T4,Q00005,Q66LE6,P63151"
nucleoplasm,"ENSG00000173480,ENSG00000198466","ZNF417,ZNF587","Q8TAU3,Q96SQ5"
nucleoplasm,ENSG00000213085,CFAP45,Q9UL16
nucleoplasm,ENSG00000171148,TADA3,O75528
cytosol,ENSG00000145730,PAM,P19021
cytosol,ENSG00000101443,WFDC2,Q14508
nucleoplasm,ENSG00000157303,SUSD3,Q96L08
cytosol,ENSG00000176076,KCNE5,Q9UJ90
cytosol,ENSG00000067221,STOML1,Q9UBI4
cytosol,ENSG00000133027,PEMT,Q9UBM1
nucleoplasm,ENSG00000184677,ZBTB40,Q9NUA8
nucleoplasm,ENSG00000139697,SBNO1,A3KN83
cytosol,ENSG00000100162,CENPM,Q9NSP4
nucleoplasm,ENSG00000124562,SNRPC,P09234
nucleoplasm,ENSG00000186314,PRELID2,Q8N945
nucleoplasm,"ENSG00000171314,ENSG00000226784","PGAM1,PGAM4","P18669,Q8N0Y7"
cytosol,ENSG00000159714,ZDHHC1,Q8WTX9
cytosol,ENSG00000158286,RNF207,Q6ZRF8
cytosol,ENSG00000167264,DUS2,Q9NX74
cytosol,ENSG00000168710,AHCYL1,O43865
nucleoplasm,ENSG00000095787,WAC,Q9BTA9
nucleoplasm,ENSG00000215883,CYB5RL,Q6IPT4
cytosol,ENSG00000168061,SAC3D1,
cytosol,ENSG00000168476,REEP4,Q9H6H4
cytosol,ENSG00000138767,CNOT6L,Q96LI5
nucleoplasm,ENSG00000132677,RHBG,Q9H310
cytosol,ENSG00000148459,PDSS1,Q5T2R2
cytosol,ENSG00000105186,ANKRD27,Q96NW4
nucleoplasm,ENSG00000198938,MT-CO3,P00414
nucleoplasm,ENSG00000133398,MED10,Q9BTT4
cytosol,ENSG00000187123,LYPD6,Q86Y78
cytosol,ENSG00000240065,PSMB9,P28065
nucleoplasm,ENSG00000087087,SRRT,Q9BXP5
cytosol,ENSG00000166106,ADAMTS15,Q8TE58
nucleoplasm,ENSG00000006634,DBF4,Q9UBU7
cytosol,ENSG00000135069,PSAT1,Q9Y617
nucleoplasm,ENSG00000103249,CLCN7,P51798
nucleoplasm,ENSG00000123427,METTL21B,Q96AZ1
cytosol,ENSG00000090372,STRN4,Q9NRL3
cytosol,ENSG00000105499,PLA2G4C,Q9UP65
cytosol,ENSG00000144445,KANSL1L,A0AUZ9
cytosol,"ENSG00000167131,ENSG00000214447","CCDC103,FAM187A","Q8IW40,A6NFU0"
nucleoplasm,ENSG00000168769,TET2,Q6N021
nucleoplasm,ENSG00000130711,PRDM12,Q9H4Q4
cytosol,ENSG00000116127,ALMS1,
nucleoplasm,ENSG00000108055,SMC3,Q9UQE7
cytosol,ENSG00000100380,ST13,P50502
cytosol,ENSG00000075702,WDR62,O43379
nucleoplasm,ENSG00000244462,RBM12,Q9NTZ6
nucleoplasm,ENSG00000184497,TMEM255B,Q8WV15
cytosol,ENSG00000064545,TMEM161A,Q9NX61
nucleoplasm,ENSG00000031823,RANBP3,Q9H6Z4
nucleoplasm,ENSG00000160570,DEDD2,Q8WXF8
cytosol,ENSG00000130377,ACSBG2,Q5FVE4
nucleoplasm,ENSG00000198736,MSRB1,Q9NZV6
nucleoplasm,ENSG00000142546,NOSIP,Q9Y314
cytosol,ENSG00000163818,LZTFL1,Q9NQ48
nucleoplasm,ENSG00000154781,CCDC174,Q6PII3
nucleoplasm,ENSG00000100949,RABGGTA,Q92696
nucleoplasm,ENSG00000106013,ANKRD7,Q92527
nucleoplasm,ENSG00000122779,TRIM24,O15164
cytosol,ENSG00000131037,EPS8L1,Q8TE68
nucleoplasm,ENSG00000166704,ZNF606,Q8WXB4
cytosol,ENSG00000204673,AKT1S1,Q96B36
cytosol,ENSG00000179222,MAGED1,Q9Y5V3
nucleoplasm,ENSG00000167208,SNX20,Q7Z614
nucleoplasm,ENSG00000213865,C8orf44,Q96CB5
cytosol,ENSG00000145014,TMEM44,Q2T9K0
nucleoplasm,ENSG00000138399,FASTKD1,Q53R41
cytosol,ENSG00000172663,TMEM134,Q9H6X4
nucleoplasm,ENSG00000244752,CRYBB2,P43320
cytosol,ENSG00000147224,PRPS1,P60891
nucleoplasm,"ENSG00000198205,ENSG00000198455","ZXDA,ZXDB","P98168,P98169"
cytosol,ENSG00000152380,FAM151B,Q6UXP7
cytosol,ENSG00000162384,C1orf123,Q9NWV4
nucleoplasm,ENSG00000236104,ZBTB22,O15209
nucleoplasm,ENSG00000115875,SRSF7,Q16629
nucleoplasm,ENSG00000137965,IFI44,Q8TCB0
cytosol,ENSG00000072310,SREBF1,P36956
cytosol,ENSG00000165915,SLC39A13,Q96H72
cytosol,ENSG00000105063,PPP6R1,Q9UPN7
nucleoplasm,ENSG00000205937,RNPS1,Q15287
cytosol,ENSG00000180611,MB21D2,Q8IYB1
cytosol,ENSG00000171724,VAT1L,Q9HCJ6
cytosol,ENSG00000118997,DNAH7,Q8WXX0
nucleoplasm,ENSG00000148584,A1CF,Q9NQ94
cytosol,ENSG00000134318,ROCK2,O75116
nucleoplasm,ENSG00000156860,FBRS,Q9HAH7
nucleoplasm,ENSG00000176386,CDC26,Q8NHZ8
nucleoplasm,ENSG00000134480,CCNH,P51946
cytosol,ENSG00000088726,TMEM40,Q8WWA1
nucleoplasm,ENSG00000198003,CCDC151,A5D8V7
cytosol,ENSG00000090861,AARS,P49588
nucleoplasm,ENSG00000173120,KDM2A,Q9Y2K7
cytosol,ENSG00000117410,ATP6V0B,Q99437
cytosol,ENSG00000105865,DUS4L,O95620
nucleoplasm,ENSG00000168090,COPS6,Q7L5N1
nucleoplasm,ENSG00000165802,NSMF,Q6X4W1
nucleoplasm,ENSG00000127324,TSPAN8,P19075
nucleoplasm,ENSG00000131791,PRKAB2,O43741
cytosol,ENSG00000141034,GID4,Q8IVV7
nucleoplasm,ENSG00000108406,DHX40,Q8IX18
nucleoplasm,ENSG00000183309,ZNF623,O75123
nucleoplasm,ENSG00000127995,CASD1,Q96PB1
nucleoplasm,ENSG00000198740,ZNF652,Q9Y2D9
nucleoplasm,ENSG00000131470,PSMC3IP,Q9P2W1
nucleoplasm,ENSG00000197483,ZNF628,Q5EBL2
cytosol,ENSG00000116984,MTR,Q99707
nucleoplasm,ENSG00000169548,ZNF280A,P59817
nucleoplasm,ENSG00000104518,GSDMD,P57764
cytosol,ENSG00000010165,METTL13,Q8N6R0
cytosol,ENSG00000113300,CNOT6,Q9ULM6
nucleoplasm,ENSG00000138670,RASGEF1B,Q0VAM2
nucleoplasm,ENSG00000136720,HS6ST1,O60243
nucleoplasm,ENSG00000149187,CELF1,Q92879
nucleoplasm,ENSG00000066336,SPI1,P17947
cytosol,ENSG00000101444,AHCY,P23526
nucleoplasm,ENSG00000196482,ESRRG,P62508
cytosol,ENSG00000040275,SPDL1,Q96EA4
nucleoplasm,ENSG00000122203,KIAA1191,Q96A73
nucleoplasm,ENSG00000132964,CDK8,P49336
cytosol,ENSG00000109572,CLCN3,P51790
cytosol,"ENSG00000198354,ENSG00000198889","DCAF12L2,DCAF12L1","Q5VW00,Q5VU92"
cytosol,ENSG00000233276,GPX1,P07203
nucleoplasm,ENSG00000105750,ZNF85,Q03923
nucleoplasm,ENSG00000213398,LCAT,P04180
cytosol,ENSG00000184979,USP18,Q9UMW8
cytosol,ENSG00000189369,GSPT2,Q8IYD1
cytosol,ENSG00000002919,SNX11,Q9Y5W9
cytosol,ENSG00000077264,PAK3,O75914
nucleoplasm,ENSG00000203872,C6orf163,Q5TEZ5
nucleoplasm,ENSG00000162419,GMEB1,Q9Y692
nucleoplasm,"ENSG00000160201,ENSG00000275895","U2AF1,U2AF1L5","Q01081,P0DN76"
nucleoplasm,ENSG00000114503,NCBP2,P52298
cytosol,ENSG00000123992,DNPEP,Q9ULA0
cytosol,ENSG00000144559,TAMM41,Q96BW9
nucleoplasm,ENSG00000198113,TOR4A,Q9NXH8
nucleoplasm,ENSG00000184517,ZFP1,Q6P2D0
nucleoplasm,ENSG00000183624,HMCES,Q96FZ2
nucleoplasm,ENSG00000181135,ZNF707,Q96C28
nucleoplasm,ENSG00000204540,PSORS1C1,Q9UIG5
nucleoplasm,ENSG00000071242,RPS6KA2,Q15349
nucleoplasm,ENSG00000125885,MCM8,Q9UJA3
nucleoplasm,ENSG00000085274,MYNN,Q9NPC7
nucleoplasm,ENSG00000143799,PARP1,P09874
nucleoplasm,ENSG00000167986,DDB1,Q16531
nucleoplasm,ENSG00000137807,KIF23,Q02241
nucleoplasm,ENSG00000122870,BICC1,Q9H694
nucleoplasm,ENSG00000160584,SIK3,
nucleoplasm,"ENSG00000264230,ENSG00000265190","ANXA8L1,ANXA8","Q5VT79,P13928"
nucleoplasm,ENSG00000174032,SLC25A30,Q5SVS4
nucleoplasm,ENSG00000148362,C9orf142,Q9BUH6
nucleoplasm,ENSG00000187325,TAF9B,Q9HBM6
nucleoplasm,ENSG00000215114,UBXN2B,Q14CS0
cytosol,ENSG00000204439,C6orf47,O95873
nucleoplasm,ENSG00000100426,ZBED4,O75132
nucleoplasm,ENSG00000070404,FSTL3,O95633
nucleoplasm,"ENSG00000169627,ENSG00000183336","BOLA2B,BOLA2",Q9H3K6
cytosol,"ENSG00000070756,ENSG00000151846","PABPC1,PABPC3","P11940,Q9H361"
nucleoplasm,ENSG00000168010,ATG16L2,Q8NAA4
nucleoplasm,ENSG00000221886,ZBED8,Q8IZ13
nucleoplasm,ENSG00000155275,TRMT44,Q8IYL2
nucleoplasm,ENSG00000176396,EID2,Q8N6I1
cytosol,ENSG00000130045,NXNL2,Q5VZ03
cytosol,ENSG00000225663,FAM195B,C9JLW8
nucleoplasm,ENSG00000242852,ZNF709,Q8N972
nucleoplasm,ENSG00000159917,ZNF235,Q14590
cytosol,ENSG00000130165,ELOF1,P60002
nucleoplasm,ENSG00000136051,KIAA1033,Q2M389
cytosol,ENSG00000138621,PPCDC,Q96CD2
nucleoplasm,ENSG00000165556,CDX2,Q99626
nucleoplasm,ENSG00000183386,FHL3,Q13643
nucleoplasm,ENSG00000181449,SOX2,P48431
nucleoplasm,ENSG00000222047,C10orf55,Q5SWW7
cytosol,ENSG00000116337,AMPD2,Q01433
nucleoplasm,ENSG00000164758,MED30,Q96HR3
nucleoplasm,ENSG00000162437,RAVER2,Q9HCJ3
nucleoplasm,ENSG00000132768,DPH2,Q9BQC3
cytosol,ENSG00000143353,LYPLAL1,Q5VWZ2
cytosol,ENSG00000143494,VASH2,Q86V25
cytosol,ENSG00000188580,NKAIN2,Q5VXU1
nucleoplasm,ENSG00000185272,RBM11,P57052
nucleoplasm,ENSG00000163872,YEATS2,Q9ULM3
nucleoplasm,ENSG00000049768,FOXP3,Q9BZS1
nucleoplasm,ENSG00000162604,TM2D1,Q9BX74
nucleoplasm,ENSG00000163161,ERCC3,P19447
nucleoplasm,ENSG00000119862,LGALSL,Q3ZCW2
nucleoplasm,ENSG00000083814,ZNF671,Q8TAW3
nucleoplasm,ENSG00000035928,RFC1,P35251
nucleoplasm,ENSG00000048649,RSF1,Q96T23
nucleoplasm,ENSG00000138780,GSTCD,Q8NEC7
nucleoplasm,ENSG00000138092,CENPO,Q9BU64
nucleoplasm,ENSG00000137880,GCHFR,P30047
cytosol,ENSG00000103254,FAM173A,Q9BQD7
cytosol,ENSG00000186628,FSD2,A1L4K1
cytosol,ENSG00000103111,MON1B,Q7L1V2
nucleoplasm,ENSG00000105323,HNRNPUL1,Q9BUJ2
cytosol,ENSG00000164142,FAM160A1,Q05DH4
cytosol,ENSG00000149346,SLX4IP,Q5VYV7
nucleoplasm,ENSG00000178951,ZBTB7A,O95365
nucleoplasm,ENSG00000132383,RPA1,P27694
nucleoplasm,ENSG00000174306,ZHX3,Q9H4I2
cytosol,ENSG00000095015,MAP3K1,Q13233
cytosol,ENSG00000176406,RIMS2,Q9UQ26
cytosol,ENSG00000060237,WNK1,Q9H4A3
cytosol,ENSG00000154721,JAM2,P57087
nucleoplasm,ENSG00000146425,DYNLT1,P63172
nucleoplasm,ENSG00000125726,CD70,P32970
nucleoplasm,ENSG00000168438,CDC40,O60508
cytosol,ENSG00000163655,GMPS,P49915
nucleoplasm,ENSG00000165355,FBXO33,Q7Z6M2
nucleoplasm,ENSG00000110768,GTF2H1,P32780
nucleoplasm,ENSG00000119616,FCF1,Q9Y324
nucleoplasm,ENSG00000197451,HNRNPAB,Q99729
cytosol,ENSG00000204052,LRRC73,Q5JTD7
nucleoplasm,ENSG00000105419,MEIS3,Q99687
cytosol,ENSG00000204394,VARS,P26640
nucleoplasm,ENSG00000101746,NOL4,O94818
nucleoplasm,ENSG00000147206,NXF3,Q9H4D5
cytosol,"ENSG00000168961,ENSG00000170298,ENSG00000171916","LGALS9,LGALS9B,LGALS9C","O00182,Q3B8N2,Q6DKI2"
cytosol,ENSG00000099810,MTAP,Q13126
cytosol,ENSG00000182749,PAQR7,Q86WK9
nucleoplasm,"ENSG00000005075,ENSG00000168255,ENSG00000228049,ENSG00000270249","POLR2J,POLR2J3,POLR2J2,RP11-514P8.7","P52435,Q9GZM3"
cytosol,ENSG00000140488,CELF6,Q96J87
cytosol,ENSG00000121989,ACVR2A,P27037
cytosol,"ENSG00000122824,ENSG00000173598,ENSG00000196368,ENSG00000270800,ENSG00000272325","NUDT10,NUDT4,NUDT11,RPS10-NUDT3,NUDT3","Q8NFP7,Q9NZJ9,Q96G61,O95989"
nucleoplasm,"ENSG00000132207,ENSG00000181625","SLX1A,SLX1B",Q9BQ83
nucleoplasm,ENSG00000218336,TENM3,Q9P273
cytosol,"ENSG00000184110,ENSG00000205609","EIF3C,EIF3CL","Q99613,B5ME19"
cytosol,ENSG00000140598,EFTUD1,Q7Z2Z2
cytosol,ENSG00000168060,NAALADL1,Q9UQQ1
cytosol,ENSG00000233927,RPS28,P62857
cytosol,ENSG00000152253,SPC25,Q9HBM1
nucleoplasm,ENSG00000196363,WDR5,P61964
cytosol,ENSG00000165259,HDX,Q7Z353
cytosol,ENSG00000107201,DDX58,O95786
cytosol,ENSG00000104872,PIH1D1,Q9NWS0
nucleoplasm,ENSG00000119599,DCAF4,Q8WV16
nucleoplasm,ENSG00000134686,PHC2,Q8IXK0
nucleoplasm,ENSG00000184232,OAF,Q86UD1
cytosol,ENSG00000169902,TPST1,O60507
nucleoplasm,ENSG00000117569,PTBP2,Q9UKA9
cytosol,ENSG00000137968,SLC44A5,Q8NCS7
nucleoplasm,"ENSG00000171931,ENSG00000241322","FBXW10,CDRT1","Q5XX13,O95170"
nucleoplasm,ENSG00000101194,SLC17A9,Q9BYT1
nucleoplasm,ENSG00000116560,SFPQ,P23246
nucleoplasm,ENSG00000196419,XRCC6,P12956
nucleoplasm,ENSG00000134153,EMC7,Q9NPA0
nucleoplasm,"ENSG00000164053,ENSG00000282827",ATRIP,Q8WXE1
nucleoplasm,ENSG00000167797,CDK2AP2,O75956
nucleoplasm,ENSG00000102543,CDADC1,Q9BWV3
cytosol,ENSG00000204869,IGFL4,Q6B9Z1
nucleoplasm,ENSG00000012504,NR1H4,Q96RI1
nucleoplasm,ENSG00000162981,FAM84A,Q96KN4
nucleoplasm,ENSG00000101166,PRELID3B,Q9Y3B1
nucleoplasm,ENSG00000111424,VDR,P11473
nucleoplasm,ENSG00000145916,RMND5B,Q96G75
cytosol,"ENSG00000146755,ENSG00000155428,ENSG00000178809","TRIM50,TRIM74,TRIM73","Q86XT4,Q86UV6,Q86UV7"
nucleoplasm,"ENSG00000171291,ENSG00000171295,ENSG00000196757,ENSG00000197054,ENSG00000198429,ENSG00000267179","ZNF439,ZNF440,ZNF700,ZNF763,ZNF69,CTD-2006C1.13","Q8NDP4,Q8IYI8,Q9H0M5,Q0D2J5,Q9UC07"
nucleoplasm,ENSG00000179195,ZNF664,Q8N3J9
nucleoplasm,ENSG00000162367,TAL1,P17542
nucleoplasm,ENSG00000100105,PATZ1,Q9HBE1
nucleoplasm,ENSG00000125676,THOC2,Q8NI27
nucleoplasm,ENSG00000156925,ZIC3,O60481
cytosol,ENSG00000153250,RBMS1,P29558
nucleoplasm,ENSG00000179941,BBS10,Q8TAM1
cytosol,"ENSG00000124614,ENSG00000270800","RPS10,RPS10-NUDT3",P46783
nucleoplasm,ENSG00000072954,TMEM38A,Q9H6F2
nucleoplasm,ENSG00000144395,CCDC150,Q8NCX0
cytosol,ENSG00000150403,TMCO3,Q6UWJ1
nucleoplasm,ENSG00000075035,WSCD2,Q2TBF2
nucleoplasm,ENSG00000130227,XPO7,Q9UIA9
cytosol,ENSG00000152932,RAB3C,Q96E17
nucleoplasm,ENSG00000170892,TSEN34,Q9BSV6
nucleoplasm,ENSG00000153774,CFDP1,Q9UEE9
nucleoplasm,ENSG00000168411,RFWD3,Q6PCD5
nucleoplasm,ENSG00000226742,HSBP1L1,C9JCN9
cytosol,ENSG00000225697,SLC26A6,Q9BXS9
nucleoplasm,ENSG00000119314,PTBP3,O95758
nucleoplasm,ENSG00000100296,THOC5,Q13769
cytosol,ENSG00000160445,ZER1,Q7Z7L7
cytosol,ENSG00000174579,MSL2,Q9HCI7
cytosol,ENSG00000115325,DOK1,Q99704
cytosol,ENSG00000131043,AAR2,Q9Y312
nucleoplasm,ENSG00000274349,ZNF658,Q5TYW1
nucleoplasm,ENSG00000205581,HMGN1,P05114
nucleoplasm,ENSG00000143321,HDGF,P51858
nucleoplasm,ENSG00000185515,BRCC3,P46736
cytosol,ENSG00000092098,RNF31,Q96EP0
nucleoplasm,ENSG00000146676,PURB,Q96QR8
nucleoplasm,ENSG00000166578,IQCD,Q96DY2
cytosol,ENSG00000117151,CTBS,Q01459
nucleoplasm,ENSG00000198625,MDM4,O15151
cytosol,ENSG00000142634,EFHD2,Q96C19
nucleoplasm,ENSG00000105520,PLPPR2,Q96GM1
nucleoplasm,ENSG00000089050,RBBP9,O75884
nucleoplasm,ENSG00000121864,ZNF639,Q9UID6
nucleoplasm,ENSG00000078747,ITCH,Q96J02
nucleoplasm,ENSG00000163918,RFC4,P35249
nucleoplasm,ENSG00000118971,CCND2,P30279
nucleoplasm,ENSG00000005001,PRSS22,Q9GZN4
nucleoplasm,ENSG00000163083,INHBB,P09529
cytosol,ENSG00000143942,CHAC2,Q8WUX2
nucleoplasm,ENSG00000089902,RCOR1,
cytosol,ENSG00000106538,RARRES2,Q99969
nucleoplasm,ENSG00000276043,UHRF1,Q96T88
cytosol,ENSG00000130158,DOCK6,Q96HP0
nucleoplasm,ENSG00000167470,MIDN,Q504T8
nucleoplasm,ENSG00000104897,SF3A2,Q15428
nucleoplasm,ENSG00000140534,TICRR,Q7Z2Z1
nucleoplasm,ENSG00000161847,RAVER1,Q8IY67
nucleoplasm,ENSG00000157911,PEX10,O60683
cytosol,ENSG00000131148,EMC8,O43402
nucleoplasm,ENSG00000170604,IRF2BP1,Q8IU81
nucleoplasm,ENSG00000104964,AES,Q08117
cytosol,ENSG00000111361,EIF2B1,Q14232
nucleoplasm,ENSG00000109787,KLF3,P57682
nucleoplasm,ENSG00000108506,INTS2,Q9H0H0
nucleoplasm,ENSG00000112561,TFEB,P19484
cytosol,ENSG00000213123,TCTEX1D2,Q8WW35
cytosol,ENSG00000100036,SLC35E4,Q6ICL7
nucleoplasm,ENSG00000171680,PLEKHG5,O94827
cytosol,ENSG00000116514,RNF19B,Q6ZMZ0
cytosol,ENSG00000125107,CNOT1,A5YKK6
cytosol,ENSG00000070061,IKBKAP,O95163
cytosol,ENSG00000075790,BCAP29,Q9UHQ4
nucleoplasm,ENSG00000092201,SUPT16H,Q9Y5B9
nucleoplasm,ENSG00000112592,TBP,P20226
nucleoplasm,ENSG00000170260,ZNF212,Q9UDV6
cytosol,ENSG00000108523,RNF167,Q9H6Y7
nucleoplasm,ENSG00000103035,PSMD7,P51665
nucleoplasm,ENSG00000079102,RUNX1T1,Q06455
cytosol,ENSG00000184986,TMEM121,Q9BTD3
cytosol,ENSG00000124214,STAU1,O95793
nucleoplasm,ENSG00000124191,TOX2,Q96NM4
cytosol,ENSG00000196345,ZKSCAN7,Q9P0L1
nucleoplasm,ENSG00000106976,DNM1,Q05193
nucleoplasm,ENSG00000143067,ZNF697,Q5TEC3
nucleoplasm,ENSG00000155542,SETD9,Q8NE22
nucleoplasm,ENSG00000106635,BCL7B,Q9BQE9
cytosol,"ENSG00000132141,ENSG00000146731","CCT6B,CCT6A","Q92526,P40227"
nucleoplasm,ENSG00000105088,OLFM2,O95897
nucleoplasm,ENSG00000112559,MDFI,Q99750
nucleoplasm,ENSG00000123836,PFKFB2,O60825
cytosol,ENSG00000119509,INVS,Q9Y283
cytosol,ENSG00000106366,SERPINE1,P05121
nucleoplasm,ENSG00000164093,PITX2,Q99697
nucleoplasm,ENSG00000175170,FAM182B,Q5T319
cytosol,ENSG00000102081,FMR1,Q06787
cytosol,ENSG00000185753,CXorf38,Q8TB03
nucleoplasm,ENSG00000134897,BIVM,Q86UB2
cytosol,ENSG00000144908,ALDH1L1,O75891
cytosol,ENSG00000151338,MIPOL1,Q8TD10
nucleoplasm,ENSG00000065268,WDR18,Q9BV38
cytosol,"ENSG00000105402,ENSG00000125814","NAPA,NAPB","P54920,Q9H115"
cytosol,ENSG00000110711,AIP,O00170
nucleoplasm,ENSG00000179361,ARID3B,Q8IVW6
nucleoplasm,ENSG00000134899,ERCC5,P28715
nucleoplasm,ENSG00000114315,HES1,Q14469
nucleoplasm,ENSG00000111783,RFX4,Q33E94
nucleoplasm,ENSG00000155846,PPARGC1B,Q86YN6
nucleoplasm,ENSG00000011426,ANLN,Q9NQW6
nucleoplasm,ENSG00000151893,CACUL1,Q86Y37
nucleoplasm,ENSG00000181355,OFCC1,Q8IZS5
nucleoplasm,ENSG00000106144,CASP2,P42575
cytosol,ENSG00000164603,C7orf60,Q1RMZ1
nucleoplasm,ENSG00000158636,C11orf30,Q7Z589
nucleoplasm,ENSG00000001167,NFYA,P23511
cytosol,ENSG00000183114,FAM43B,Q6ZT52
nucleoplasm,ENSG00000119669,IRF2BPL,Q9H1B7
cytosol,ENSG00000062725,APPBP2,Q92624
cytosol,ENSG00000204120,GIGYF2,Q6Y7W6
nucleoplasm,ENSG00000113648,H2AFY,O75367
nucleoplasm,ENSG00000130717,UCK1,Q9HA47
cytosol,ENSG00000104131,EIF3J,O75822
nucleoplasm,ENSG00000171443,ZNF524,Q96C55
nucleoplasm,"ENSG00000214652,ENSG00000234444","ZNF727,ZNF736","A8MUV8,B4DX44"
nucleoplasm,ENSG00000188004,C1orf204,Q5VU13
cytosol,ENSG00000135945,REV1,Q9UBZ9
nucleoplasm,ENSG00000092199,HNRNPC,P07910
nucleoplasm,ENSG00000128923,FAM63B,Q8NBR6
cytosol,"ENSG00000204599,ENSG00000248167","TRIM39,TRIM39-RPP21",Q9HCM9
cytosol,ENSG00000160999,SH2B2,
cytosol,ENSG00000102879,CORO1A,P31146
cytosol,ENSG00000138823,MTTP,P55157
nucleoplasm,ENSG00000101003,GINS1,Q14691
cytosol,ENSG00000136842,TMOD1,P28289
nucleoplasm,ENSG00000162702,ZNF281,Q9Y2X9
nucleoplasm,ENSG00000141510,TP53,P04637
cytosol,ENSG00000086827,ZW10,O43264
nucleoplasm,ENSG00000221874,ZNF816-ZNF321P,
nucleoplasm,ENSG00000121774,KHDRBS1,Q07666
cytosol,ENSG00000162511,LAPTM5,Q13571
cytosol,"ENSG00000112079,ENSG00000211455","STK38,STK38L","Q15208,Q9Y2H1"
cytosol,"ENSG00000113712,ENSG00000180138","CSNK1A1,CSNK1A1L","P48729,Q8N752"
nucleoplasm,ENSG00000167065,DUSP18,Q8NEJ0
nucleoplasm,ENSG00000143257,NR1I3,Q14994
cytosol,ENSG00000134072,CAMK1,Q14012
nucleoplasm,ENSG00000204560,DHX16,O60231
nucleoplasm,ENSG00000177683,THAP5,Q7Z6K1
nucleoplasm,ENSG00000111247,RAD51AP1,Q96B01
cytosol,ENSG00000166507,NDST2,P52849
nucleoplasm,ENSG00000075336,TIMM21,Q9BVV7
cytosol,ENSG00000115526,CHST10,O43529
nucleoplasm,ENSG00000143643,TTC13,Q8NBP0
nucleoplasm,ENSG00000110427,KIAA1549L,Q6ZVL6
nucleoplasm,"ENSG00000146963,ENSG00000269955","LUC7L2,C7orf55-LUC7L2",Q9Y383
nucleoplasm,ENSG00000122490,PQLC1,Q8N2U9
cytosol,"ENSG00000101210,ENSG00000156508","EEF1A2,EEF1A1","Q05639,P68104"
nucleoplasm,ENSG00000155827,RNF20,Q5VTR2
nucleoplasm,ENSG00000143842,SOX13,Q9UN79
nucleoplasm,ENSG00000104960,PTOV1,Q86YD1
nucleoplasm,ENSG00000042062,FAM65C,Q96MK2
nucleoplasm,ENSG00000087495,PHACTR3,Q96KR7
nucleoplasm,ENSG00000173065,FAM222B,Q8WU58
cytosol,"ENSG00000213533,ENSG00000248592","TMEM110,TMEM110-MUSTN1",Q86TL2
nucleoplasm,ENSG00000168802,CHTF8,"P0CG12,P0CG13"
nucleoplasm,ENSG00000159063,ALG8,Q9BVK2
nucleoplasm,ENSG00000168348,INSM2,Q96T92
nucleoplasm,ENSG00000127249,ATP13A4,Q4VNC1
cytosol,ENSG00000161654,LSM12,Q3MHD2
nucleoplasm,ENSG00000204351,SKIV2L,Q15477
cytosol,ENSG00000188404,SELL,P14151
cytosol,ENSG00000126934,MAP2K2,P36507
cytosol,ENSG00000112659,CUL9,Q8IWT3
nucleoplasm,ENSG00000156858,PRR14,Q9BWN1
nucleoplasm,ENSG00000213859,KCTD11,Q693B1
nucleoplasm,ENSG00000167967,E4F1,Q66K89
nucleoplasm,ENSG00000270647,TAF15,Q92804
nucleoplasm,ENSG00000256087,ZNF432,O94892
nucleoplasm,ENSG00000181396,OGFOD3,Q6PK18
nucleoplasm,ENSG00000092439,TRPM7,Q96QT4
nucleoplasm,ENSG00000100888,CHD8,Q9HCK8
nucleoplasm,ENSG00000136932,TRMO,Q9BU70
nucleoplasm,ENSG00000239887,C1orf226,A1L170
nucleoplasm,ENSG00000113522,RAD50,Q92878
nucleoplasm,ENSG00000133247,SUV420H2,Q86Y97
nucleoplasm,ENSG00000154678,PDE1C,Q14123
nucleoplasm,ENSG00000117724,CENPF,P49454
nucleoplasm,ENSG00000040633,PHF23,Q9BUL5
nucleoplasm,ENSG00000185946,RNPC3,Q96LT9
nucleoplasm,ENSG00000088876,ZNF343,Q6P1L6
cytosol,ENSG00000243449,C4orf48,Q5BLP8
nucleoplasm,ENSG00000129911,KLF16,Q9BXK1
nucleoplasm,ENSG00000160305,DIP2A,Q14689
nucleoplasm,"ENSG00000124208,ENSG00000169139,ENSG00000244687","TMEM189-UBE2V1,UBE2V2,UBE2V1","Q15819,Q13404"
nucleoplasm,ENSG00000166188,ZNF319,Q9P2F9
nucleoplasm,ENSG00000196323,ZBTB44,Q8NCP5
nucleoplasm,ENSG00000175215,CTDSP2,O14595
nucleoplasm,ENSG00000099385,BCL7C,Q8WUZ0
nucleoplasm,ENSG00000104824,HNRNPL,P14866
nucleoplasm,ENSG00000205208,C4orf46,Q504U0
cytosol,ENSG00000113389,NPR3,P17342
nucleoplasm,ENSG00000076242,MLH1,P40692
cytosol,ENSG00000083937,CHMP2B,Q9UQN3
nucleoplasm,ENSG00000198914,POU3F3,P20264
nucleoplasm,ENSG00000125686,MED1,Q15648
cytosol,ENSG00000196159,FAT4,Q6V0I7
nucleoplasm,ENSG00000219435,TEX40,Q9NTU4
nucleoplasm,ENSG00000147883,CDKN2B,P42772
nucleoplasm,ENSG00000166451,CENPN,Q96H22
nucleoplasm,ENSG00000100297,MCM5,P33992
nucleoplasm,ENSG00000100084,HIRA,P54198
nucleoplasm,ENSG00000168002,POLR2G,P62487
nucleoplasm,ENSG00000164880,INTS1,Q8N201
nucleoplasm,ENSG00000147687,TATDN1,Q6P1N9
nucleoplasm,ENSG00000183808,RBM12B,Q8IXT5
nucleoplasm,ENSG00000171316,CHD7,Q9P2D1
nucleoplasm,ENSG00000167721,TSR1,Q2NL82
nucleoplasm,ENSG00000126821,SGPP1,Q9BX95
cytosol,ENSG00000213231,TCL1B,O95988
cytosol,ENSG00000139304,PTPRQ,
nucleoplasm,ENSG00000137959,IFI44L,Q53G44
cytosol,ENSG00000143333,RGS16,O15492
nucleoplasm,ENSG00000143198,MGST3,O14880
nucleoplasm,ENSG00000163602,RYBP,Q8N488
cytosol,ENSG00000123933,MXD4,Q14582
nucleoplasm,ENSG00000100767,PAPLN,O95428
cytosol,ENSG00000183111,ARHGEF37,A1IGU5
nucleoplasm,ENSG00000163945,UVSSA,Q2YD98
nucleoplasm,ENSG00000100731,PCNX,Q96RV3
nucleoplasm,ENSG00000176953,NFATC2IP,Q8NCF5
nucleoplasm,"ENSG00000169203,ENSG00000169246,ENSG00000183426,ENSG00000183793,ENSG00000183889,ENSG00000185864,ENSG00000196436,ENSG00000196993,ENSG00000198064,ENSG00000198156,ENSG00000214940,ENSG00000214967,ENSG00000224712,ENSG00000233024,ENSG00000233232,ENSG00000234719,ENSG00000243716,ENSG00000254206,ENSG00000254852,ENSG00000255524","RP11-231C14.4,NPIPB3,NPIPA1,NPIPA5,AC138969.4,NPIPB4,NPIPB15,NPIPB9,RP11-347C12.1,NPIPB6,NPIPA8,NPIPA7,NPIPA3,RP11-1212A22.4,NPIPB7,RP11-166B2.1,NPIPB5,NPIPB11,NPIPA2,NPIPB8","Q92617,Q9UND3,E9PKD4,C9JG80,A6NHN6,F8W1W9,A6NJU9,E9PJ23,P0DM63,E9PJI5,F8WFD2,O75200,A6NJ64,A8MRT5,E5RHQ5,E9PIF3,E9PQR5"
nucleoplasm,ENSG00000112425,EPM2A,O95278
nucleoplasm,ENSG00000187954,CYHR1,Q6ZMK1
nucleoplasm,ENSG00000004487,KDM1A,O60341
nucleoplasm,ENSG00000078618,NRD1,O43847
nucleoplasm,ENSG00000118690,ARMC2,Q8NEN0
nucleoplasm,ENSG00000118707,TGIF2,Q9GZN2
nucleoplasm,ENSG00000164855,TMEM184A,Q6ZMB5
cytosol,"ENSG00000116983,ENSG00000163032","HPCAL4,VSNL1","Q9UM19,P62760"
cytosol,"ENSG00000174156,ENSG00000182793,ENSG00000243955,ENSG00000244067","GSTA3,GSTA5,GSTA1,GSTA2","Q16772,Q7RTV2,P08263,P09210"
nucleoplasm,ENSG00000188529,SRSF10,O75494
nucleoplasm,ENSG00000152104,PTPN14,Q15678
nucleoplasm,ENSG00000218739,CEBPZOS,A8MTT3
nucleoplasm,ENSG00000174738,NR1D2,Q14995
nucleoplasm,ENSG00000172819,RARG,P13631
nucleoplasm,ENSG00000198353,HOXC4,P09017
nucleoplasm,ENSG00000159792,PSKH1,P11801
nucleoplasm,ENSG00000132485,ZRANB2,O95218
nucleoplasm,ENSG00000164651,SP8,Q8IXZ3
nucleoplasm,ENSG00000105011,ASF1B,Q9NVP2
cytosol,ENSG00000196911,KPNA5,O15131
nucleoplasm,ENSG00000183696,UPP1,Q16831
nucleoplasm,ENSG00000183508,FAM46C,Q5VWP2
cytosol,ENSG00000185565,LSAMP,Q13449
nucleoplasm,ENSG00000213015,ZNF580,Q9UK33
cytosol,ENSG00000198492,YTHDF2,Q9Y5A9
nucleoplasm,ENSG00000140398,NEIL1,Q96FI4
nucleoplasm,ENSG00000147140,NONO,Q15233
nucleoplasm,ENSG00000140332,TLE3,Q04726
nucleoplasm,ENSG00000205250,E2F4,Q16254
nucleoplasm,ENSG00000139880,CDH24,Q86UP0
cytosol,ENSG00000204536,CCHCR1,Q8TD31
cytosol,ENSG00000136371,MTHFS,P49914
nucleoplasm,ENSG00000136319,TTC5,Q8N0Z6
nucleoplasm,ENSG00000133302,SLF1,Q9BQI6
nucleoplasm,ENSG00000103549,RNF40,O75150
nucleoplasm,ENSG00000143319,ISG20L2,Q9H9L3
cytosol,ENSG00000135778,NTPCR,Q9BSD7
cytosol,ENSG00000129673,AANAT,Q16613
nucleoplasm,ENSG00000159208,CIART,Q8N365
nucleoplasm,ENSG00000169976,SF3B5,Q9BWJ5
nucleoplasm,ENSG00000128951,DUT,P33316
nucleoplasm,ENSG00000145779,TNFAIP8,O95379
cytosol,ENSG00000140030,GPR65,Q8IYL9
cytosol,ENSG00000164329,PAPD4,Q6PIY7
nucleoplasm,ENSG00000100983,GSS,P48637
nucleoplasm,ENSG00000167641,PPP1R14A,Q96A00
nucleoplasm,ENSG00000184005,ST6GALNAC3,Q8NDV1
nucleoplasm,ENSG00000186448,ZNF197,O14709
cytosol,ENSG00000178982,EIF3K,Q9UBQ5
nucleoplasm,ENSG00000132016,C19orf57,Q0VDD7
nucleoplasm,ENSG00000164362,TERT,O14746
nucleoplasm,ENSG00000160961,ZNF333,Q96JL9
cytosol,ENSG00000214941,ZSWIM7,Q19AV6
nucleoplasm,ENSG00000089775,ZBTB25,P24278
nucleoplasm,ENSG00000134595,SOX3,P41225
cytosol,ENSG00000176658,MYO1D,O94832
cytosol,ENSG00000148948,LRRC4C,Q9HCJ2
nucleoplasm,ENSG00000077312,SNRPA,P09012
nucleoplasm,ENSG00000168453,HR,O43593
nucleoplasm,ENSG00000187742,SECISBP2,Q96T21
nucleoplasm,ENSG00000187815,ZFP69,Q49AA0
nucleoplasm,ENSG00000080839,RBL1,P28749
nucleoplasm,ENSG00000109794,FAM149A,A5PLN7
cytosol,ENSG00000231500,RPS18,P62269
nucleoplasm,ENSG00000066136,NFYC,Q13952
nucleoplasm,ENSG00000063761,ADCK1,Q86TW2
nucleoplasm,ENSG00000198182,ZNF607,Q96SK3
nucleoplasm,ENSG00000177732,SOX12,O15370
nucleoplasm,ENSG00000123268,ATF1,P18846
cytosol,ENSG00000024862,CCDC28A,Q8IWP9
nucleoplasm,ENSG00000106038,EVX1,P49640
nucleoplasm,ENSG00000160991,ORAI2,Q96SN7
nucleoplasm,ENSG00000187790,FANCM,Q8IYD8
nucleoplasm,ENSG00000128713,HOXD11,P31277
nucleoplasm,ENSG00000162222,TTC9C,Q8N5M4
nucleoplasm,ENSG00000101190,TCFL5,Q9UL49
cytosol,ENSG00000131089,ARHGEF9,O43307
nucleoplasm,ENSG00000117505,DR1,Q01658
nucleoplasm,ENSG00000197363,ZNF517,Q6ZMY9
nucleoplasm,ENSG00000165156,ZHX1,Q9UKY1
cytosol,ENSG00000185745,IFIT1,P09914
nucleoplasm,ENSG00000160888,IER2,Q9BTL4
nucleoplasm,ENSG00000152454,ZNF256,Q9Y2P7
nucleoplasm,ENSG00000101057,MYBL2,P10244
nucleoplasm,ENSG00000115548,KDM3A,Q9Y4C1
cytosol,ENSG00000006607,FARP2,O94887
nucleoplasm,ENSG00000154144,TBRG1,Q3YBR2
nucleoplasm,ENSG00000130024,PHF10,Q8WUB8
nucleoplasm,ENSG00000184162,NR2C2AP,Q86WQ0
cytosol,ENSG00000197496,SLC2A10,O95528
nucleoplasm,ENSG00000105248,CCDC94,Q9BW85
cytosol,ENSG00000096384,HSP90AB1,P08238
nucleoplasm,ENSG00000139219,COL2A1,P02458
nucleoplasm,ENSG00000171161,ZNF672,Q499Z4
nucleoplasm,ENSG00000163882,POLR2H,P52434
nucleoplasm,ENSG00000177303,CASKIN2,Q8WXE0
nucleoplasm,ENSG00000186280,KDM4D,Q6B0I6
nucleoplasm,ENSG00000185404,SP140L,Q9H930
nucleoplasm,ENSG00000184672,RALYL,Q86SE5
nucleoplasm,ENSG00000136997,MYC,P01106
nucleoplasm,ENSG00000023697,DERA,Q9Y315
nucleoplasm,ENSG00000151136,BTBD11,A6QL63
nucleoplasm,ENSG00000240891,PLCXD2,Q0VAA5
nucleoplasm,ENSG00000010818,HIVEP2,P31629
nucleoplasm,ENSG00000063322,MED29,Q9NX70
nucleoplasm,ENSG00000127528,KLF2,Q9Y5W3
cytosol,ENSG00000125505,MBOAT7,Q96N66
nucleoplasm,ENSG00000185668,POU3F1,Q03052
nucleoplasm,ENSG00000123095,BHLHE41,Q9C0J9
nucleoplasm,ENSG00000103319,EEF2K,O00418
cytosol,ENSG00000198142,SOWAHC,Q53LP3
nucleoplasm,ENSG00000165804,ZNF219,Q9P2Y4
nucleoplasm,ENSG00000141560,FN3KRP,Q9HA64
nucleoplasm,ENSG00000063169,GLTSCR1,Q9NZM4
cytosol,ENSG00000167103,PIP5KL1,Q5T9C9
nucleoplasm,ENSG00000184486,POU3F2,P20265
nucleoplasm,ENSG00000075188,NUP37,Q8NFH4
nucleoplasm,ENSG00000183337,BCOR,Q6W2J9
nucleoplasm,ENSG00000104969,SGTA,O43765
cytosol,ENSG00000145741,BTF3,P20290
cytosol,ENSG00000139433,GLTP,Q9NZD2
cytosol,ENSG00000067057,PFKP,Q01813
cytosol,ENSG00000174325,DIRC1,Q969H9
cytosol,ENSG00000173085,COQ2,Q96H96
cytosol,ENSG00000189308,LIN54,Q6MZP7
nucleoplasm,ENSG00000269858,EGLN2,Q96KS0
nucleoplasm,"ENSG00000174428,ENSG00000196275","GTF2IRD2B,GTF2IRD2","Q6EKJ0,Q86UP8"
nucleoplasm,ENSG00000214753,HNRNPUL2,Q1KMD3
nucleoplasm,ENSG00000136144,RCBTB1,Q8NDN9
nucleoplasm,ENSG00000152795,HNRNPDL,O14979
cytosol,ENSG00000224051,CPTP,Q5TA50
nucleoplasm,ENSG00000197905,TEAD4,Q15561
nucleoplasm,ENSG00000185085,INTS5,Q6P9B9
nucleoplasm,ENSG00000160318,CLDND2,Q8NHS1
nucleoplasm,"ENSG00000128383,ENSG00000179750","APOBEC3A,APOBEC3B","P31941,Q9UH17"
cytosol,ENSG00000171848,RRM2,P31350
nucleoplasm,ENSG00000083093,PALB2,Q86YC2
cytosol,ENSG00000239779,WBP1,Q96G27
nucleoplasm,ENSG00000147596,PRDM14,Q9GZV8
nucleoplasm,ENSG00000141485,SLC13A5,Q86YT5
nucleoplasm,ENSG00000136478,TEX2,Q8IWB9
nucleoplasm,ENSG00000143603,KCNN3,Q9UGI6
nucleoplasm,ENSG00000143179,UCK2,Q9BZX2
nucleoplasm,ENSG00000109065,NAT9,Q9BTE0
cytosol,ENSG00000167325,RRM1,P23921
nucleoplasm,ENSG00000084774,CAD,P27708
nucleoplasm,ENSG00000131153,GINS2,Q9Y248
nucleoplasm,ENSG00000164941,INTS8,Q75QN2
nucleoplasm,ENSG00000100554,ATP6V1D,Q9Y5K8
nucleoplasm,ENSG00000132321,IQCA1,Q86XH1
nucleoplasm,ENSG00000172465,TCEAL1,Q15170
nucleoplasm,ENSG00000170500,LONRF2,Q1L5Z9
nucleoplasm,ENSG00000138606,SHF,Q7M4L6
cytosol,ENSG00000101084,C20orf24,Q9BUV8
nucleoplasm,ENSG00000016082,ISL1,P61371
nucleoplasm,ENSG00000196865,NHLRC2,Q8NBF2
nucleoplasm,"ENSG00000147274,ENSG00000213516","RBMX,RBMXL1","P38159,Q96E39"
nucleoplasm,ENSG00000189362,NEMP2,A6NFY4
cytosol,ENSG00000090097,PCBP4,P57723
nucleoplasm,ENSG00000124795,DEK,P35659
cytosol,ENSG00000139977,NAA30,Q147X3
cytosol,ENSG00000100365,NCF4,Q15080
nucleoplasm,ENSG00000145029,NICN1,Q9BSH3
nucleoplasm,ENSG00000138050,THUMPD2,Q9BTF0
cytosol,ENSG00000164077,MON1A,Q86VX9
cytosol,ENSG00000162430,SEPN1,Q9NZV5
nucleoplasm,ENSG00000138750,NUP54,Q7Z3B4
nucleoplasm,ENSG00000153404,PLEKHG4B,Q96PX9
cytosol,ENSG00000184432,COPB2,P35606
nucleoplasm,"ENSG00000145216,ENSG00000282278","FIP1L1,RP11-231C18.3",Q6UN15
cytosol,ENSG00000118193,KIF14,Q15058
nucleoplasm,ENSG00000114738,MAPKAPK3,Q16644
nucleoplasm,ENSG00000155545,MIER3,Q7Z3K6
nucleoplasm,ENSG00000172183,ISG20,Q96AZ6
nucleoplasm,ENSG00000020256,ZFP64,"Q9NTW7,Q9NPA5"
nucleoplasm,ENSG00000175197,DDIT3,P35638
nucleoplasm,ENSG00000135899,SP110,Q9HB58
nucleoplasm,ENSG00000105993,DNAJB6,O75190
cytosol,ENSG00000163069,SGCB,Q16585
nucleoplasm,ENSG00000153187,HNRNPU,Q00839
nucleoplasm,ENSG00000111110,PPM1H,Q9ULR3
cytosol,ENSG00000175352,NRIP3,Q9NQ35
nucleoplasm,ENSG00000077514,POLD3,Q15054
nucleoplasm,ENSG00000213638,ADAT3,
nucleoplasm,ENSG00000186951,PPARA,Q07869
nucleoplasm,ENSG00000178882,FAM101A,Q6ZTI6
nucleoplasm,"ENSG00000187325,ENSG00000273841","TAF9B,TAF9","Q9HBM6,Q16594"
nucleoplasm,"ENSG00000139842,ENSG00000158290","CUL4A,CUL4B","Q13619,Q13620"
nucleoplasm,ENSG00000104472,CHRAC1,Q9NRG0
nucleoplasm,ENSG00000164105,SAP30,O75446
nucleoplasm,ENSG00000180964,TCEAL8,Q8IYN2
nucleoplasm,ENSG00000170448,NFXL1,Q6ZNB6
nucleoplasm,ENSG00000100626,GALNT16,Q8N428
nucleoplasm,ENSG00000139515,PDX1,P52945
nucleoplasm,ENSG00000164626,KCNK5,O95279
nucleoplasm,ENSG00000070495,JMJD6,Q6NYC1
nucleoplasm,ENSG00000183011,NAA38,Q9BRA0
nucleoplasm,"ENSG00000101266,ENSG00000254598","CSNK2A1,CSNK2A3","P68400,Q8NEV1"
nucleoplasm,ENSG00000183260,ABHD16B,Q9H3Z7
cytosol,ENSG00000066027,PPP2R5A,Q15172
cytosol,ENSG00000064655,EYA2,O00167
cytosol,ENSG00000137941,TTLL7,Q6ZT98
nucleoplasm,ENSG00000244754,N4BP2L2,Q92802
nucleoplasm,ENSG00000140836,ZFHX3,Q15911
nucleoplasm,ENSG00000163939,PBRM1,Q86U86
nucleoplasm,ENSG00000169635,HIC2,Q96JB3
nucleoplasm,ENSG00000177606,JUN,P05412
nucleoplasm,ENSG00000103495,MAZ,P56270
cytosol,ENSG00000204599,TRIM39,Q9HCM9
nucleoplasm,ENSG00000275004,ZNF280B,Q86YH2
nucleoplasm,ENSG00000070444,MNT,Q99583
nucleoplasm,ENSG00000147118,ZNF182,P17025
nucleoplasm,ENSG00000156127,BATF,Q16520
nucleoplasm,ENSG00000156136,DCK,P27707
cytosol,ENSG00000179476,C14orf28,Q4W4Y0
nucleoplasm,ENSG00000103145,HCFC1R1,Q9NWW0
cytosol,ENSG00000164465,DCBLD1,Q8N8Z6
nucleoplasm,ENSG00000197050,ZNF420,Q8TAQ5
nucleoplasm,ENSG00000179922,ZNF784,Q8NCA9
nucleoplasm,ENSG00000143228,NUF2,Q9BZD4
nucleoplasm,ENSG00000213246,SUPT4H1,P63272
cytosol,ENSG00000183208,GDPGP1,Q6ZNW5
cytosol,"ENSG00000003096,ENSG00000198642","KLHL13,KLHL9","Q9P2N7,Q9P2J3"
cytosol,ENSG00000133256,PDE6B,P35913
nucleoplasm,ENSG00000129993,CBFA2T3,O75081
nucleoplasm,ENSG00000108813,DLX4,Q92988
nucleoplasm,ENSG00000108604,SMARCD2,Q92925
nucleoplasm,ENSG00000205922,ONECUT3,O60422
nucleoplasm,ENSG00000151881,C5orf28,Q0VDI3
nucleoplasm,ENSG00000158055,GRHL3,Q8TE85
nucleoplasm,ENSG00000156500,FAM122C,Q6P4D5
nucleoplasm,ENSG00000123144,C19orf43,Q9BQ61
nucleoplasm,ENSG00000177943,MAMDC4,Q6UXC1
nucleoplasm,ENSG00000204315,FKBPL,Q9UIM3
nucleoplasm,ENSG00000109339,MAPK10,P53779
nucleoplasm,ENSG00000104447,TRPS1,Q9UHF7
nucleoplasm,ENSG00000197872,FAM49A,Q9H0Q0
nucleoplasm,ENSG00000186806,VSIG10L,Q86VR7
nucleoplasm,ENSG00000104859,CLASRP,Q8N2M8
cytosol,ENSG00000074211,PPP2R2C,Q9Y2T4
cytosol,ENSG00000143093,STRIP1,Q5VSL9
nucleoplasm,ENSG00000134532,SOX5,P35711
nucleoplasm,ENSG00000119684,MLH3,Q9UHC1
nucleoplasm,ENSG00000172000,ZNF556,Q9HAH1
nucleoplasm,ENSG00000197579,TOPORS,Q9NS56
nucleoplasm,ENSG00000168214,RBPJ,Q06330
nucleoplasm,ENSG00000111602,TIMELESS,Q9UNS1
cytosol,"ENSG00000143954,ENSG00000172016","REG3G,REG3A","Q6UW15,Q06141"
nucleoplasm,ENSG00000144857,BOC,Q9BWV1
nucleoplasm,ENSG00000172201,ID4,P47928
cytosol,ENSG00000170890,PLA2G1B,P04054
nucleoplasm,ENSG00000198517,MAFK,O60675
nucleoplasm,ENSG00000153561,RMND5A,Q9H871
nucleoplasm,ENSG00000068878,PSME4,Q14997
nucleoplasm,ENSG00000101098,RIMS4,Q9H426
nucleoplasm,ENSG00000132740,IGHMBP2,P38935
nucleoplasm,ENSG00000172992,DCAKD,Q8WVC6
nucleoplasm,ENSG00000161179,YDJC,A8MPS7
nucleoplasm,ENSG00000186073,C15orf41,Q9Y2V0
nucleoplasm,ENSG00000198730,CTR9,Q6PD62
nucleoplasm,ENSG00000185453,C19orf68,Q86XI8
cytosol,ENSG00000063245,EPN1,Q9Y6I3
nucleoplasm,ENSG00000172216,CEBPB,P17676
nucleoplasm,ENSG00000166452,AKIP1,Q9NQ31
nucleoplasm,ENSG00000204304,PBX2,P40425
nucleoplasm,ENSG00000019144,PHLDB1,Q86UU1
nucleoplasm,ENSG00000139405,RITA1,Q96K30
nucleoplasm,ENSG00000162231,NXF1,Q9UBU9
cytosol,ENSG00000162976,PQLC3,Q8N755
nucleoplasm,ENSG00000161265,U2AF1L4,Q8WU68
nucleoplasm,ENSG00000160803,UBQLN4,Q9NRR5
nucleoplasm,ENSG00000166068,SPRED1,Q7Z699
nucleoplasm,ENSG00000183255,PTTG1IP,P53801
nucleoplasm,ENSG00000163166,IWS1,Q96ST2
nucleoplasm,ENSG00000105618,PRPF31,Q8WWY3
nucleoplasm,ENSG00000185619,PCGF3,Q3KNV8
nucleoplasm,ENSG00000164932,CTHRC1,Q96CG8
nucleoplasm,ENSG00000120875,DUSP4,Q13115
nucleoplasm,ENSG00000078399,HOXA9,P31269
nucleoplasm,ENSG00000173889,PHC3,Q8NDX5
nucleoplasm,ENSG00000078687,TNRC6C,Q9HCJ0
nucleoplasm,ENSG00000178409,BEND3,Q5T5X7
nucleoplasm,ENSG00000168672,FAM84B,Q96KN1
nucleoplasm,ENSG00000169375,SIN3A,Q96ST3
nucleoplasm,ENSG00000168564,CDKN2AIP,Q9NXV6
nucleoplasm,ENSG00000177426,TGIF1,Q15583
nucleoplasm,ENSG00000276293,PIP4K2B,P78356
nucleoplasm,ENSG00000161243,FBXO27,Q8NI29
nucleoplasm,ENSG00000115297,TLX2,O43763
nucleoplasm,ENSG00000198933,TBKBP1,A7MCY6
nucleoplasm,ENSG00000105357,MYH14,Q7Z406
cytosol,ENSG00000161542,PRPSAP1,Q14558
nucleoplasm,"ENSG00000171466,ENSG00000171469","ZNF562,ZNF561","Q6V9R5,Q8N587"
nucleoplasm,ENSG00000138443,ABI2,Q9NYB9
nucleoplasm,ENSG00000140470,ADAMTS17,Q8TE56
nucleoplasm,ENSG00000196381,ZNF781,Q8N8C0
cytosol,ENSG00000188677,PARVB,Q9HBI1
nucleoplasm,ENSG00000174437,ATP2A2,P16615
nucleoplasm,ENSG00000183530,PRR14L,Q5THK1
nucleoplasm,ENSG00000144579,CTDSP1,Q9GZU7
nucleoplasm,ENSG00000100911,PSME2,Q9UL46
nucleoplasm,ENSG00000066697,MSANTD3,Q96H12
nucleoplasm,ENSG00000139793,MBNL2,Q5VZF2
nucleoplasm,ENSG00000149716,ORAOV1,Q8WV07
cytosol,ENSG00000254726,MEX3A,A1L020
nucleoplasm,ENSG00000135374,ELF5,Q9UKW6
nucleoplasm,"ENSG00000189339,ENSG00000215790","SLC35E2B,SLC35E2","P0CK96,P0CK97"
cytosol,ENSG00000162745,OLFML2B,Q68BL8
nucleoplasm,ENSG00000218891,ZNF579,Q8NAF0
nucleoplasm,ENSG00000054967,RELT,Q969Z4
nucleoplasm,ENSG00000083307,GRHL2,Q6ISB3
nucleoplasm,ENSG00000159184,HOXB13,Q92826
nucleoplasm,ENSG00000178860,MSC,O60682
cytosol,ENSG00000138036,DYNC2LI1,Q8TCX1
nucleoplasm,ENSG00000161860,SYCE2,Q6PIF2
nucleoplasm,ENSG00000008196,TFAP2B,Q92481
nucleoplasm,ENSG00000167105,TMEM92,Q6UXU6
nucleoplasm,ENSG00000130522,JUND,P17535
nucleoplasm,ENSG00000099817,POLR2E,P19388
nucleoplasm,ENSG00000244405,ETV5,P41161
nucleoplasm,ENSG00000118689,FOXO3,O43524
nucleoplasm,ENSG00000116990,MYCL,P12524
nucleoplasm,ENSG00000130844,ZNF331,Q9NQX6
nucleoplasm,ENSG00000169594,BNC1,Q01954
nucleoplasm,ENSG00000134954,ETS1,P14921
nucleoplasm,ENSG00000187741,FANCA,O15360
nucleoplasm,ENSG00000132002,DNAJB1,P25685
nucleoplasm,ENSG00000164853,UNCX,A6NJT0
cytosol,ENSG00000198840,MT-ND3,P03897
nucleoplasm,ENSG00000146285,SCML4,Q8N228
cytosol,ENSG00000173418,NAA20,P61599
nucleoplasm,ENSG00000132341,RAN,P62826
cytosol,ENSG00000101052,IFT52,Q9Y366
cytosol,ENSG00000173039,RELA,Q04206
nucleoplasm,ENSG00000114923,SLC4A3,P48751
nucleoplasm,ENSG00000277258,PCGF2,P35227
cytosol,ENSG00000052344,PRSS8,Q16651
nucleoplasm,ENSG00000105967,TFEC,O14948
nucleoplasm,ENSG00000136527,TRA2B,P62995
cytosol,ENSG00000271601,LIX1L,Q8IVB5
nucleoplasm,ENSG00000198816,ZNF358,Q9NW07
nucleoplasm,ENSG00000119760,SUPT7L,O94864
nucleoplasm,ENSG00000110066,SUV420H1,Q4FZB7
nucleoplasm,ENSG00000204231,RXRB,P28702
nucleoplasm,ENSG00000135903,PAX3,P23760
nucleoplasm,ENSG00000197860,SGTB,Q96EQ0
nucleoplasm,ENSG00000148297,MED22,Q15528
cytosol,ENSG00000135503,ACVR1B,P36896
nucleoplasm,ENSG00000059378,PARP12,Q9H0J9
cytosol,ENSG00000055332,EIF2AK2,P19525
nucleoplasm,ENSG00000163132,MSX1,P28360
cytosol,ENSG00000083099,LYRM2,Q9NU23
nucleoplasm,ENSG00000082014,SMARCD3,Q6STE5
cytosol,ENSG00000177169,ULK1,O75385
nucleoplasm,ENSG00000198026,ZNF335,Q9H4Z2
nucleoplasm,ENSG00000130726,TRIM28,Q13263
nucleoplasm,ENSG00000128714,HOXD13,P35453
nucleoplasm,ENSG00000125285,SOX21,Q9Y651
nucleoplasm,ENSG00000204682,CASC10,Q5T4H9
nucleoplasm,ENSG00000175087,PDIK1L,Q8N165
nucleoplasm,ENSG00000180182,MED14,O60244
nucleoplasm,ENSG00000196420,S100A5,P33763
nucleoplasm,ENSG00000158825,CDA,P32320
nucleoplasm,ENSG00000135334,AKIRIN2,Q53H80
nucleoplasm,ENSG00000136925,TSTD2,Q5T7W7
cytosol,ENSG00000145191,EIF2B5,Q13144
nucleoplasm,ENSG00000054277,OPN3,Q9H1Y3
cytosol,ENSG00000196497,IPO4,Q8TEX9
nucleoplasm,ENSG00000102243,VGLL1,Q99990
cytosol,"ENSG00000053371,ENSG00000162482","AKR7A2,AKR7A3","O43488,O95154"
nucleoplasm,ENSG00000164961,KIAA0196,Q12768
nucleoplasm,ENSG00000089225,TBX5,Q99593
cytosol,ENSG00000251692,PTX4,Q96A99
cytosol,ENSG00000168917,SLC35G2,Q8TBE7
nucleoplasm,ENSG00000106346,USP42,Q9H9J4
nucleoplasm,ENSG00000167657,DAPK3,O43293
cytosol,ENSG00000011454,RABGAP1,Q9Y3P9
nucleoplasm,ENSG00000154262,ABCA6,Q8N139
nucleoplasm,ENSG00000136514,RTP4,Q96DX8
cytosol,ENSG00000129521,EGLN3,Q9H6Z9
cytosol,ENSG00000163947,ARHGEF3,Q9NR81
nucleoplasm,ENSG00000120093,HOXB3,P14651
nucleoplasm,ENSG00000101138,CSTF1,Q05048
nucleoplasm,ENSG00000177614,PGBD5,Q8N414
cytosol,ENSG00000100991,TRPC4AP,Q8TEL6
nucleoplasm,ENSG00000257949,TEN1,Q86WV5
nucleoplasm,ENSG00000182916,TCEAL7,Q9BRU2
nucleoplasm,ENSG00000071894,CPSF1,Q10570
nucleoplasm,ENSG00000198856,OSTC,Q9NRP0
nucleoplasm,ENSG00000170370,EMX2,Q04743
nucleoplasm,"ENSG00000147121,ENSG00000251192","KRBOX4,ZNF674","Q5JUW0,Q2M3X9"
nucleoplasm,ENSG00000176182,MYPOP,Q86VE0
nucleoplasm,ENSG00000106829,TLE4,Q04727
cytosol,ENSG00000075461,CACNG4,Q9UBN1
nucleoplasm,ENSG00000172922,RNASEH2C,Q8TDP1
nucleoplasm,ENSG00000184990,SIVA1,O15304
nucleoplasm,ENSG00000077616,NAALAD2,Q9Y3Q0
nucleoplasm,ENSG00000122566,HNRNPA2B1,P22626
cytosol,ENSG00000156873,PHKG2,P15735
nucleoplasm,ENSG00000168234,TTC39C,Q8N584
nucleoplasm,ENSG00000235098,ANKRD65,E5RJM6
nucleoplasm,ENSG00000259120,SMIM6,P0DI80
nucleoplasm,ENSG00000109674,NEIL3,Q8TAT5
cytosol,ENSG00000099901,RANBP1,P43487
nucleoplasm,ENSG00000238227,C9orf69,H0YL14
nucleoplasm,ENSG00000145414,NAF1,Q96HR8
cytosol,ENSG00000166816,LDHD,Q86WU2
nucleoplasm,ENSG00000103510,KAT8,Q9H7Z6
nucleoplasm,ENSG00000170144,HNRNPA3,P51991
nucleoplasm,ENSG00000153531,ADPRHL1,Q8NDY3
nucleoplasm,ENSG00000088053,GP6,Q9HCN6
cytosol,ENSG00000166963,MAP1A,P78559
nucleoplasm,ENSG00000197714,ZNF460,Q14592
cytosol,ENSG00000082684,SEMA5B,Q9P283
cytosol,ENSG00000068383,INPP5A,Q14642
nucleoplasm,"ENSG00000157349,ENSG00000168872,ENSG00000260537","DDX19B,DDX19A,RP11-529K1.3","Q9UMR2,Q9NUU7"
nucleoplasm,ENSG00000196263,ZNF471,Q9BX82
cytosol,ENSG00000185418,TARSL2,A2RTX5
nucleoplasm,ENSG00000204392,LSM2,Q9Y333
nucleoplasm,ENSG00000205683,DPF3,Q92784
nucleoplasm,ENSG00000175592,FOSL1,P15407
cytosol,ENSG00000254656,RTL1,A6NKG5
nucleoplasm,ENSG00000196196,HRCT1,Q6UXD1
nucleoplasm,ENSG00000148308,GTF3C5,Q9Y5Q8
cytosol,ENSG00000092929,UNC13D,Q70J99
nucleoplasm,ENSG00000148400,NOTCH1,P46531
nucleoplasm,ENSG00000180626,ZNF594,Q96JF6
nucleoplasm,ENSG00000162227,TAF6L,Q9Y6J9
nucleoplasm,ENSG00000203760,CENPW,Q5EE01
nucleoplasm,ENSG00000177479,ARIH2,O95376
nucleoplasm,ENSG00000131788,PIAS3,Q9Y6X2
nucleoplasm,ENSG00000132522,GPS2,Q13227
nucleoplasm,ENSG00000071243,ING3,Q9NXR8
nucleoplasm,ENSG00000221869,CEBPD,P49716
nucleoplasm,ENSG00000117616,RSRP1,Q9BUV0
nucleoplasm,ENSG00000166265,CYYR1,Q96J86
nucleoplasm,ENSG00000214491,SEC14L6,B5MCN3
nucleoplasm,ENSG00000215397,SCRT2,Q9NQ03
nucleoplasm,ENSG00000168505,GBX2,P52951
nucleoplasm,ENSG00000143977,SNRPG,P62308
nucleoplasm,"ENSG00000125835,ENSG00000128739","SNRPB,SNRPN","P14678,P63162"
nucleoplasm,ENSG00000119402,FBXW2,Q9UKT8
nucleoplasm,ENSG00000143919,CAMKMT,Q7Z624
nucleoplasm,ENSG00000108510,MED13,Q9UHV7
nucleoplasm,ENSG00000204839,MROH6,A6NGR9
cytosol,ENSG00000154122,ANKH,Q9HCJ1
nucleoplasm,"ENSG00000137878,ENSG00000255529","GCOM1,POLR2M","P0CAP2,Q6EEV4"
nucleoplasm,ENSG00000108924,HLF,Q16534
cytosol,"ENSG00000156976,ENSG00000161960","EIF4A2,EIF4A1","Q14240,P60842"
nucleoplasm,ENSG00000254827,SLC22A18AS,Q8N1D0
nucleoplasm,ENSG00000128513,POT1,Q9NUX5
nucleoplasm,"ENSG00000152443,ENSG00000269026","ZNF776,AC003006.7",Q68DI1
nucleoplasm,ENSG00000214706,IFRD2,Q12894
cytosol,ENSG00000184557,SOCS3,O14543
nucleoplasm,ENSG00000234284,ZNF879,B4DU55
nucleoplasm,ENSG00000127445,PIN1,Q13526
nucleoplasm,ENSG00000171462,DLK2,Q6UY11
cytosol,ENSG00000198355,PIM3,Q86V86
nucleoplasm,ENSG00000078043,PIAS2,O75928
nucleoplasm,ENSG00000104973,MED25,Q71SY5
nucleoplasm,ENSG00000235750,KIAA0040,Q15053
nucleoplasm,ENSG00000100146,SOX10,P56693
nucleoplasm,ENSG00000147124,ZNF41,P51814
nucleoplasm,ENSG00000155760,FZD7,O75084
nucleoplasm,ENSG00000112237,CCNC,P24863
nucleoplasm,ENSG00000107077,KDM4C,Q9H3R0
nucleoplasm,ENSG00000173421,CCDC36,Q8IYA8
nucleoplasm,ENSG00000169813,HNRNPF,P52597
nucleoplasm,ENSG00000241484,ARHGAP8,P85298
nucleoplasm,ENSG00000205710,C17orf107,Q6ZR85
nucleoplasm,ENSG00000113649,TCERG1,O14776
nucleoplasm,ENSG00000158435,CNOT11,Q9UKZ1
nucleoplasm,ENSG00000131408,NR1H2,P55055
cytosol,ENSG00000105639,JAK3,P52333
cytosol,ENSG00000105327,BBC3,"Q96PG8,Q9BXH1"
cytosol,ENSG00000168918,INPP5D,Q92835
cytosol,ENSG00000162736,NCSTN,Q92542
nucleoplasm,ENSG00000111799,COL12A1,Q99715
cytosol,ENSG00000116830,TTF2,Q9UNY4
nucleoplasm,ENSG00000115464,USP34,Q70CQ2
cytosol,ENSG00000125869,LAMP5,Q9UJQ1
nucleoplasm,ENSG00000169297,NR0B1,P51843
nucleoplasm,ENSG00000101331,CCM2L,Q9NUG4
nucleoplasm,ENSG00000133315,MACROD1,Q9BQ69
nucleoplasm,ENSG00000185669,SNAI3,Q3KNW1
nucleoplasm,ENSG00000198855,FICD,Q9BVA6
cytosol,ENSG00000108622,ICAM2,P13598
cytosol,ENSG00000055208,TAB2,Q9NYJ8
nucleoplasm,ENSG00000146587,RBAK,Q9NYW8
nucleoplasm,ENSG00000099949,LZTR1,Q8N653
nucleoplasm,ENSG00000089094,KDM2B,Q8NHM5
nucleoplasm,ENSG00000012779,ALOX5,P09917
nucleoplasm,ENSG00000079277,MKNK1,Q9BUB5
nucleoplasm,ENSG00000120158,RCL1,Q9Y2P8
nucleoplasm,ENSG00000196781,TLE1,Q04724
cytosol,ENSG00000157833,GAREML,Q75VX8
nucleoplasm,ENSG00000186166,CCDC84,Q86UT8
cytosol,ENSG00000168032,ENTPD3,O75355
cytosol,"ENSG00000178917,ENSG00000196345","ZNF852,ZKSCAN7","Q6ZMS4,Q9P0L1"
cytosol,ENSG00000164068,RNF123,Q5XPI4
cytosol,ENSG00000105321,CCDC9,Q9Y3X0
nucleoplasm,ENSG00000126457,PRMT1,Q99873
nucleoplasm,"ENSG00000178935,ENSG00000196724,ENSG00000204514,ENSG00000269343","ZNF552,ZNF418,ZNF814,ZNF587B","Q9H707,Q8TF45,B7Z6K7,E7ETH6"
cytosol,"ENSG00000021461,ENSG00000106258,ENSG00000160868,ENSG00000160870,ENSG00000282301","CYP3A43,CYP3A5,CYP3A4,CYP3A7,CYP3A7-CYP3A51P","Q9HB55,P20815,P08684,P24462"
nucleoplasm,ENSG00000130751,NPAS1,Q99742
cytosol,ENSG00000135643,KCNMB4,Q86W47
nucleoplasm,ENSG00000132664,POLR3F,Q9H1D9
cytosol,ENSG00000124374,PAIP2B,Q9ULR5
cytosol,ENSG00000127922,SHFM1,"P60896,Q6ZVN7"
nucleoplasm,ENSG00000173673,HES3,Q5TGS1
nucleoplasm,ENSG00000143772,ITPKB,P27987
nucleoplasm,ENSG00000164089,ETNPPL,Q8TBG4
nucleoplasm,ENSG00000167637,ZNF283,Q8N7M2
nucleoplasm,ENSG00000115163,CENPA,P49450
cytosol,"ENSG00000196531,ENSG00000253506","NACA,NACA2","E9PAV3,Q13765,Q9H009"
cytosol,ENSG00000230510,PPP5D1,E7EU14
nucleoplasm,ENSG00000170293,CMTM8,Q8IZV2
nucleoplasm,ENSG00000142528,ZNF473,Q8WTR7
cytosol,ENSG00000167775,CD320,Q9NPF0
nucleoplasm,ENSG00000203883,SOX18,P35713
nucleoplasm,ENSG00000136944,LMX1B,O60663
cytosol,ENSG00000170425,ADORA2B,P29275
nucleoplasm,ENSG00000256294,ZNF225,Q9UK10
nucleoplasm,ENSG00000115942,ORC2,Q13416
cytosol,ENSG00000059145,UNKL,Q9H9P5
nucleoplasm,ENSG00000157106,SMG1,Q96Q15
nucleoplasm,ENSG00000179943,FIZ1,Q96SL8
cytosol,ENSG00000165660,FAM175B,Q15018
cytosol,ENSG00000185634,SHC4,Q6S5L8
nucleoplasm,ENSG00000173261,PLAC8L1,A1L4L8
nucleoplasm,ENSG00000109132,PHOX2B,Q99453
cytosol,ENSG00000065000,AP3D1,O14617
nucleoplasm,ENSG00000055609,KMT2C,Q8NEZ4
nucleoplasm,ENSG00000151623,NR3C2,P08235
cytosol,ENSG00000138381,ASNSD1,Q9NWL6
nucleoplasm,ENSG00000089723,OTUB2,Q96DC9
nucleoplasm,ENSG00000124459,ZNF45,Q02386
cytosol,ENSG00000122966,CIT,O14578
nucleoplasm,ENSG00000120068,HOXB8,P17481
cytosol,ENSG00000167920,TMEM99,Q8N816
cytosol,ENSG00000222009,BTBD19,C9JJ37
cytosol,ENSG00000198408,MGEA5,O60502
nucleoplasm,ENSG00000106009,BRAT1,Q6PJG6
nucleoplasm,ENSG00000196233,LCOR,"Q96JN0,Q8N655"
nucleoplasm,ENSG00000006468,ETV1,P50549
cytosol,ENSG00000197008,ZNF138,P52744
cytosol,"ENSG00000237847,ENSG00000268674,ENSG00000268991,ENSG00000279132","FAM231A,FAM231B,FAM231C","P0DMU4,P0DMU3,A6NCW3,P0DMU5"
cytosol,ENSG00000140600,SH3GL3,Q99963
cytosol,ENSG00000205423,CNEP1R1,Q8N9A8
cytosol,ENSG00000145287,PLAC8,Q9NZF1
